user_id,timestamp,source,device,operative_system,test,price,converted
370914,2015-04-24 12:60:46,direct_traffic,mobile,android,0,39,0
549807,2015-04-24 11:60:20,friend_referral,mobile,iOS,0,39,0
107010,2015-03-14 12:60:02,direct_traffic,web,windows,0,39,0
676183,2015-05-11 12:60:53,ads-google,web,windows,1,59,0
641153,2015-04-26 11:60:44,direct_traffic,mobile,android,0,39,0
605880,2015-05-31 15:60:59,ads-yahoo,mobile,iOS,0,39,0
897736,2015-04-02 07:60:10,seo-other,mobile,iOS,0,39,0
746460,2015-04-23 12:60:59,ads-google,mobile,iOS,0,39,1
791648,2015-05-07 18:60:11,ads_other,mobile,android,1,59,0
295611,2015-04-27 12:60:39,ads_facebook,web,windows,0,39,0
140556,2015-04-10 09:60:26,ads-google,mobile,iOS,1,59,0
484310,2015-04-03 18:60:05,ads-google,mobile,android,0,39,0
190312,2015-05-20 08:60:37,seo-yahoo,web,windows,0,39,0
258557,2015-05-08 12:60:17,ads-bing,mobile,iOS,0,39,0
194143,2015-04-16 12:60:50,seo-google,mobile,android,0,39,0
506504,2015-03-26 09:60:51,friend_referral,mobile,android,0,39,0
836710,2015-03-20 08:60:29,ads-google,mobile,android,1,59,0
848144,2015-03-21 13:60:19,ads-google,mobile,iOS,1,59,0
254491,2015-03-07 01:60:16,friend_referral,web,windows,1,59,0
97622,2015-05-31 14:60:56,ads-google,web,windows,0,39,0
524510,2015-03-06 18:60:01,seo_facebook,web,mac,0,39,0
476422,2015-05-17 14:60:46,seo-yahoo,web,mac,0,39,0
667590,2015-03-10 04:60:18,seo-other,mobile,iOS,0,39,0
846839,2015-05-23 12:60:30,direct_traffic,mobile,iOS,0,39,0
245623,2015-04-17 09:60:53,ads-google,web,windows,0,39,0
795446,2015-04-23 17:60:34,ads-google,mobile,iOS,0,39,0
557950,2015-03-31 12:60:50,ads-bing,mobile,android,0,39,0
906024,2015-03-22 09:60:40,direct_traffic,mobile,iOS,0,39,0
746366,2015-04-10 11:60:49,seo_facebook,mobile,iOS,0,39,0
472698,2015-03-14 17:60:45,ads-google,mobile,android,1,59,0
818520,2015-03-20 14:60:35,friend_referral,web,mac,0,39,0
53373,2015-04-24 04:60:11,seo-google,mobile,iOS,0,39,0
438554,2015-04-17 14:60:37,ads_other,mobile,android,0,39,0
515282,2015-03-27 09:60:03,seo-google,web,windows,1,59,0
648213,2015-04-16 11:60:38,ads-google,mobile,android,1,59,0
728859,2015-04-02 11:60:35,friend_referral,mobile,iOS,0,39,0
275471,2015-04-26 10:60:09,direct_traffic,mobile,iOS,1,59,0
231716,2015-03-27 22:60:19,ads_other,mobile,iOS,0,39,0
392053,2015-03-08 16:60:30,ads-google,web,windows,0,39,0
125366,2015-05-17 13:60:40,direct_traffic,web,windows,0,39,0
336256,2015-03-07 08:60:06,direct_traffic,mobile,iOS,0,39,0
970055,2015-04-10 09:60:26,ads-google,mobile,iOS,1,59,0
276458,2015-04-25 20:60:30,seo-google,mobile,iOS,0,39,0
889901,2015-04-01 18:60:56,ads_facebook,web,windows,0,39,0
540903,2015-05-31 18:60:16,direct_traffic,mobile,iOS,0,39,0
971279,2015-03-07 14:60:01,direct_traffic,mobile,iOS,0,39,0
355067,2015-03-14 19:60:11,ads_facebook,web,windows,0,39,1
477049,2015-03-13 00:60:36,seo-other,mobile,android,0,39,0
572228,2015-05-22 11:60:41,direct_traffic,mobile,android,0,39,0
502464,2015-05-08 12:60:03,ads_other,web,windows,0,39,0
533264,2015-04-18 09:60:40,ads_facebook,web,windows,0,39,0
820782,2015-04-03 12:60:33,ads_facebook,web,windows,1,59,0
406527,2015-03-30 12:60:08,direct_traffic,web,windows,1,59,0
995082,2015-04-04 08:60:17,ads-google,web,windows,0,39,0
735590,2015-05-30 12:60:13,direct_traffic,web,windows,0,39,0
91103,2015-03-24 18:60:57,ads_other,web,windows,0,39,0
830638,2015-05-23 03:60:50,seo-google,web,mac,1,59,0
116807,2015-03-29 13:60:26,direct_traffic,mobile,android,0,39,0
380443,2015-05-26 12:60:42,direct_traffic,mobile,iOS,1,59,0
39516,2015-04-24 12:60:01,direct_traffic,mobile,iOS,0,39,0
531817,2015-03-03 12:60:16,ads-google,mobile,iOS,0,39,0
212499,2015-04-09 00:60:52,direct_traffic,mobile,android,1,59,0
20143,2015-04-26 17:60:57,ads_other,web,windows,0,39,0
248253,2015-05-01 16:60:40,ads_facebook,web,linux,0,39,0
337133,2015-04-05 11:60:01,ads_facebook,mobile,iOS,0,39,0
735454,2015-05-16 06:60:01,ads-google,mobile,android,1,59,0
842091,2015-04-02 12:60:58,ads-google,mobile,iOS,0,39,0
848252,2015-05-07 13:60:44,ads-google,web,linux,1,59,0
693295,2015-04-24 11:60:14,ads-google,web,mac,0,39,0
285345,2015-05-01 13:60:21,direct_traffic,mobile,android,0,39,0
63773,2015-03-14 08:60:06,ads-google,mobile,android,0,39,0
516702,2015-03-08 14:60:09,ads-bing,mobile,iOS,0,39,0
490912,2015-03-28 14:60:25,seo-yahoo,web,windows,0,39,0
899637,2015-04-23 13:60:35,ads-google,mobile,iOS,1,59,0
275935,2015-05-30 12:60:49,ads-google,web,windows,1,59,0
10889,2015-03-27 19:60:18,ads-google,web,windows,0,39,0
19952,2015-04-26 21:60:30,seo_facebook,mobile,other,1,59,0
749329,2015-04-12 11:60:53,ads-google,web,mac,0,39,0
558045,2015-03-02 14:60:14,ads-google,web,windows,1,59,0
114821,2015-05-23 07:60:60,direct_traffic,mobile,iOS,0,39,0
333502,2015-04-17 23:60:25,ads-google,mobile,iOS,1,59,0
754471,2015-05-02 03:60:52,ads_facebook,web,windows,1,59,0
350081,2015-04-18 09:60:51,ads-google,web,windows,1,59,0
329808,2015-03-03 04:60:24,seo-other,mobile,iOS,0,39,0
79140,2015-03-14 12:60:36,ads-google,mobile,android,0,39,0
88248,2015-05-21 10:60:09,ads_facebook,web,mac,0,39,0
699842,2015-05-29 03:60:13,ads_other,web,windows,0,39,0
58345,2015-03-11 17:60:42,friend_referral,web,windows,0,39,0
633641,2015-04-17 14:60:34,ads-google,mobile,iOS,1,59,0
234869,2015-05-22 12:60:55,direct_traffic,mobile,android,0,39,0
885297,2015-05-20 06:60:03,direct_traffic,mobile,android,1,59,0
635739,2015-03-14 12:60:18,ads-yahoo,web,windows,0,39,0
469005,2015-04-13 09:60:24,ads_other,web,windows,0,39,0
759047,2015-05-23 09:60:55,ads_facebook,mobile,android,1,59,0
840050,2015-05-28 12:60:58,ads_other,web,windows,0,39,0
941109,2015-04-23 13:60:35,ads-google,mobile,iOS,1,59,0
9688,2015-04-10 12:60:02,ads-bing,mobile,iOS,1,59,0
482892,2015-05-22 11:60:25,direct_traffic,web,windows,0,39,0
24248,2015-03-08 09:60:06,ads_facebook,mobile,iOS,0,39,0
574508,2015-03-20 17:60:05,direct_traffic,mobile,android,0,39,0
54491,2015-03-03 12:60:16,ads-google,mobile,iOS,0,39,0
240258,2015-05-14 12:60:46,direct_traffic,mobile,iOS,0,39,0
93999,2015-04-30 19:60:17,ads-google,mobile,other,0,39,0
747186,2015-05-11 11:60:32,ads_facebook,web,windows,0,39,0
473560,2015-05-09 10:60:07,ads-google,mobile,android,0,39,0
676910,2015-03-08 11:60:01,friend_referral,web,linux,1,59,0
48104,2015-03-21 23:60:47,seo-other,mobile,android,0,39,0
923177,2015-05-17 23:60:33,ads-google,mobile,iOS,0,39,0
572207,2015-05-04 11:60:04,seo-google,web,windows,0,39,0
82932,2015-04-30 09:60:50,direct_traffic,mobile,iOS,0,39,0
724205,2015-05-09 08:60:07,seo_facebook,mobile,iOS,0,39,0
696225,2015-03-14 10:60:29,ads-yahoo,mobile,iOS,0,39,0
63464,2015-03-24 18:60:42,ads_other,mobile,android,0,39,0
399951,2015-04-07 16:60:42,ads-google,mobile,iOS,0,39,0
544657,2015-05-08 09:60:32,ads-bing,mobile,iOS,0,39,0
511173,2015-03-07 11:60:32,ads-google,mobile,android,0,39,0
675026,2015-05-24 05:60:49,ads-google,mobile,android,0,39,0
441086,2015-05-23 14:60:11,ads-google,mobile,iOS,0,39,0
469280,2015-05-08 17:60:51,ads-google,web,windows,1,59,0
996893,2015-03-14 12:60:07,ads_other,web,windows,0,39,0
267268,2015-04-05 14:60:37,direct_traffic,mobile,other,1,59,0
692110,2015-05-02 12:60:11,ads-bing,mobile,android,1,59,0
480238,2015-05-22 20:60:29,ads-google,mobile,android,1,59,0
345745,2015-04-18 18:60:27,seo_facebook,mobile,iOS,1,59,0
88306,2015-03-27 13:60:08,direct_traffic,web,windows,0,39,0
498138,2015-05-01 14:60:46,seo_facebook,mobile,iOS,0,39,0
750333,2015-04-22 09:60:44,seo-other,mobile,android,1,59,0
889222,2015-03-02 11:60:13,seo-other,mobile,iOS,0,39,0
244556,2015-03-08 10:60:06,seo-google,mobile,iOS,1,59,0
578805,2015-05-25 12:60:33,ads-google,web,windows,0,39,0
842306,2015-04-10 16:60:52,seo-google,mobile,iOS,0,39,0
407081,2015-04-03 12:60:17,friend_referral,web,windows,0,39,0
365467,2015-04-17 23:60:25,ads-google,mobile,iOS,1,59,0
768663,2015-03-05 01:60:20,ads-google,mobile,iOS,0,39,0
545964,2015-04-20 13:60:32,direct_traffic,mobile,other,0,39,0
609980,2015-04-12 04:60:37,ads_other,mobile,android,0,39,0
573686,2015-03-07 15:60:23,friend_referral,mobile,android,1,59,0
645222,2015-05-07 12:60:19,ads-google,mobile,iOS,0,39,0
890611,2015-03-10 14:60:26,ads_other,mobile,iOS,0,39,0
378981,2015-04-28 23:60:29,ads_facebook,web,windows,0,39,0
813926,2015-05-31 17:60:02,ads-google,web,windows,0,39,0
404021,2015-04-10 17:60:36,ads_facebook,web,windows,1,59,0
853316,2015-05-14 16:60:24,ads_other,mobile,android,1,59,0
43019,2015-05-28 13:60:53,ads-google,mobile,iOS,0,39,0
535715,2015-04-25 07:60:23,ads-bing,web,windows,0,39,0
432936,2015-03-14 16:60:37,ads_facebook,mobile,other,0,39,0
314285,2015-05-05 06:60:52,direct_traffic,mobile,iOS,0,39,0
98767,2015-03-20 02:60:33,direct_traffic,web,mac,0,39,0
58553,2015-03-28 16:60:59,direct_traffic,web,windows,1,59,0
383625,2015-03-05 10:60:50,ads_facebook,mobile,android,1,59,0
899644,2015-05-24 15:60:57,ads_facebook,mobile,iOS,0,39,0
323828,2015-05-31 00:60:55,direct_traffic,web,mac,1,59,0
767683,2015-05-06 08:60:58,ads-bing,mobile,iOS,1,59,0
883361,2015-03-26 15:60:09,ads_facebook,mobile,iOS,1,59,0
233197,2015-05-09 14:60:11,ads_facebook,mobile,iOS,1,59,0
929030,2015-05-15 12:60:04,ads-google,mobile,android,1,59,0
936419,2015-04-17 17:60:32,ads_facebook,mobile,android,0,39,0
689777,2015-05-08 11:60:45,ads-bing,web,windows,1,59,0
430421,2015-04-23 15:60:47,ads_facebook,mobile,android,1,59,0
754342,2015-03-08 09:60:02,direct_traffic,web,windows,1,59,0
637658,2015-03-10 10:60:01,ads-google,mobile,iOS,1,59,0
484307,2015-04-21 20:60:36,ads-google,mobile,android,1,59,0
230669,2015-05-08 15:60:58,ads-yahoo,mobile,android,0,39,0
553338,2015-04-17 09:60:34,friend_referral,web,windows,1,59,0
864390,2015-03-07 16:60:37,direct_traffic,mobile,iOS,0,39,0
408979,2015-03-08 10:60:59,direct_traffic,mobile,android,0,39,0
426108,2015-03-13 10:60:24,direct_traffic,mobile,iOS,0,39,0
806373,2015-04-03 13:60:01,direct_traffic,web,windows,0,39,1
517819,2015-05-30 12:60:03,ads_other,web,mac,0,39,0
109628,2015-03-14 10:60:54,ads_facebook,mobile,android,0,39,0
452775,2015-03-08 14:60:20,ads-bing,mobile,other,1,59,0
95995,2015-03-07 01:60:16,friend_referral,web,windows,1,59,0
148874,2015-04-15 09:60:56,seo-yahoo,mobile,iOS,0,39,0
820397,2015-03-21 12:60:37,direct_traffic,web,windows,0,39,0
421166,2015-05-17 19:60:25,ads-bing,web,mac,0,39,0
977249,2015-04-26 04:60:25,direct_traffic,web,windows,0,39,0
543620,2015-05-02 03:60:52,ads_facebook,web,windows,1,59,0
919022,2015-03-28 06:60:38,ads-google,mobile,android,0,39,0
94956,2015-03-31 11:60:39,seo_facebook,web,windows,0,39,0
847443,2015-05-29 18:60:52,ads-yahoo,web,windows,1,59,0
34341,2015-03-26 16:60:34,ads_facebook,mobile,iOS,1,59,0
911669,2015-03-05 23:60:22,ads-google,mobile,android,1,59,0
972626,2015-03-22 18:60:16,direct_traffic,web,mac,1,59,0
626663,2015-05-14 18:60:34,ads_facebook,mobile,android,0,39,0
110137,2015-03-15 11:60:43,seo-yahoo,mobile,android,1,59,0
486043,2015-03-20 10:60:40,friend_referral,mobile,android,0,39,0
654345,2015-05-28 18:60:23,seo-other,web,windows,1,59,0
955688,2015-05-15 18:60:48,ads_facebook,mobile,android,1,59,0
53950,2015-04-02 14:60:34,ads-bing,web,windows,0,39,0
340602,2015-04-03 11:60:24,seo-google,mobile,android,0,39,0
486574,2015-03-30 11:60:34,ads-bing,web,mac,0,39,0
27129,2015-03-14 13:60:37,direct_traffic,mobile,iOS,1,59,0
948052,2015-05-02 14:60:02,ads-bing,mobile,iOS,1,59,0
906604,2015-03-26 08:60:51,ads-bing,mobile,android,1,59,0
179997,2015-03-27 10:60:01,seo-google,web,windows,0,39,0
319446,2015-03-25 18:60:29,ads_other,mobile,iOS,1,59,0
114228,2015-04-25 15:60:33,seo-yahoo,web,windows,0,39,0
416508,2015-04-03 11:60:14,direct_traffic,mobile,iOS,0,39,0
401803,2015-04-07 13:60:03,seo_facebook,web,windows,1,59,0
227199,2015-04-04 10:60:24,direct_traffic,web,windows,1,59,0
420266,2015-05-23 22:60:12,friend_referral,mobile,other,0,39,0
123467,2015-03-30 02:60:50,ads-google,web,windows,0,39,0
304988,2015-05-12 12:60:04,ads_other,mobile,android,0,39,0
920240,2015-04-02 12:60:20,ads-bing,mobile,iOS,0,39,0
338716,2015-04-03 20:60:21,ads-google,web,windows,1,59,0
778048,2015-04-19 07:60:60,ads-google,mobile,iOS,0,39,0
633637,2015-04-10 12:60:12,ads_facebook,mobile,iOS,0,39,0
208033,2015-04-16 10:60:37,seo-other,mobile,iOS,1,59,0
816076,2015-05-15 08:60:15,ads-yahoo,mobile,android,1,59,0
565189,2015-05-01 21:60:54,seo-google,web,mac,0,39,0
857187,2015-03-28 20:60:35,ads-google,web,mac,0,39,0
803491,2015-05-29 12:60:10,ads_facebook,mobile,iOS,0,39,0
555823,2015-05-31 10:60:33,friend_referral,mobile,android,0,39,0
504144,2015-04-24 04:60:11,seo-google,mobile,iOS,0,39,0
870198,2015-03-10 15:60:56,ads-yahoo,mobile,iOS,0,39,0
571601,2015-04-10 16:60:52,seo-google,mobile,iOS,0,39,0
154614,2015-03-12 15:60:04,ads_facebook,web,mac,1,59,0
251286,2015-03-14 10:60:37,seo_facebook,web,windows,0,39,0
548772,2015-05-22 11:60:25,direct_traffic,web,windows,0,39,0
984057,2015-05-02 14:60:31,ads-yahoo,web,windows,0,39,0
687740,2015-05-05 18:60:46,ads_facebook,web,windows,0,39,1
17138,2015-03-20 09:60:34,ads-google,mobile,iOS,0,39,0
138592,2015-03-22 00:60:35,friend_referral,web,mac,1,59,1
694987,2015-04-18 07:60:23,seo_facebook,mobile,iOS,0,39,0
929376,2015-05-14 16:60:05,ads_facebook,mobile,iOS,0,39,0
667712,2015-04-10 00:60:23,ads-bing,mobile,iOS,1,59,0
43254,2015-05-18 20:60:42,seo_facebook,mobile,android,0,39,0
234343,2015-03-24 18:60:57,ads_other,web,windows,0,39,0
150177,2015-04-16 09:60:14,seo_facebook,mobile,iOS,0,39,0
779996,2015-04-11 17:60:25,ads-google,web,windows,0,39,0
574465,2015-03-24 08:60:26,ads-google,mobile,iOS,0,39,0
94914,2015-04-24 13:60:07,ads-google,mobile,iOS,0,39,0
166717,2015-03-26 08:60:19,ads_facebook,web,windows,0,39,1
522417,2015-05-09 08:60:14,ads-google,web,mac,1,59,0
795045,2015-05-16 17:60:60,ads_facebook,web,windows,0,39,0
832814,2015-03-27 07:60:36,ads_facebook,mobile,android,1,59,0
986397,2015-05-09 17:60:35,ads-google,mobile,iOS,1,59,0
24958,2015-04-23 17:60:24,ads-google,mobile,android,0,39,0
988335,2015-05-15 16:60:55,direct_traffic,mobile,android,0,39,0
579892,2015-03-26 15:60:28,ads_other,mobile,android,0,39,0
297565,2015-03-07 13:60:08,ads-bing,web,linux,1,59,0
771073,2015-04-03 06:60:59,ads_other,mobile,iOS,1,59,0
892286,2015-05-10 13:60:27,direct_traffic,mobile,android,0,39,0
169583,2015-04-18 07:60:56,seo_facebook,mobile,android,0,39,0
68292,2015-04-04 05:60:43,direct_traffic,mobile,iOS,1,59,0
68807,2015-03-13 18:60:32,ads-bing,web,mac,1,59,0
778536,2015-05-12 02:60:18,ads-google,mobile,android,1,59,0
804145,2015-05-04 07:60:02,ads_other,mobile,android,1,59,0
38610,2015-03-24 12:60:04,ads_facebook,mobile,android,0,39,0
225351,2015-05-24 07:60:60,ads-google,mobile,android,1,59,0
976728,2015-05-08 09:60:56,direct_traffic,web,linux,0,39,0
845797,2015-03-21 08:60:03,seo_facebook,mobile,iOS,0,39,0
592498,2015-04-11 07:60:19,ads_facebook,mobile,android,0,39,0
918820,2015-04-24 11:60:14,ads_facebook,mobile,android,1,59,0
334038,2015-04-26 12:60:48,ads_other,mobile,other,0,39,0
462821,2015-04-10 03:60:09,ads_other,web,windows,1,59,0
372800,2015-04-30 05:60:01,seo-other,web,windows,0,39,0
2038,2015-04-25 11:60:17,ads_facebook,mobile,iOS,0,39,0
349101,2015-05-29 10:60:40,seo-other,mobile,iOS,0,39,0
108556,2015-03-12 13:60:23,seo-google,mobile,android,1,59,0
500920,2015-05-28 10:60:23,direct_traffic,web,windows,0,39,0
534127,2015-05-15 01:60:16,seo_facebook,mobile,iOS,0,39,0
896953,2015-04-25 10:60:31,direct_traffic,web,windows,1,59,0
743905,2015-05-09 17:60:16,direct_traffic,mobile,android,0,39,0
33965,2015-05-31 14:60:56,ads-google,web,windows,0,39,0
225139,2015-04-12 03:60:36,direct_traffic,mobile,iOS,1,59,0
154505,2015-05-18 10:60:02,seo-google,mobile,android,0,39,0
406344,2015-03-08 09:60:38,direct_traffic,mobile,iOS,1,59,0
505190,2015-04-26 21:60:30,seo_facebook,mobile,other,1,59,0
517239,2015-03-13 11:60:59,seo-google,mobile,iOS,0,39,0
860342,2015-05-04 11:60:04,seo-google,web,windows,0,39,0
916802,2015-04-18 16:60:23,ads_facebook,mobile,android,0,39,0
131741,2015-03-12 11:60:36,ads_other,web,windows,0,39,0
32146,2015-04-12 10:60:44,direct_traffic,web,windows,0,39,0
407715,2015-05-10 13:60:25,ads-bing,mobile,iOS,0,39,0
97237,2015-03-09 18:60:29,seo-google,mobile,android,0,39,0
115773,2015-05-06 09:60:41,ads-google,web,windows,0,39,0
845708,2015-05-26 23:60:46,seo_facebook,web,mac,0,39,0
495253,2015-04-06 12:60:24,direct_traffic,web,windows,0,39,0
925700,2015-05-15 12:60:42,ads-google,mobile,android,0,39,0
365100,2015-04-17 10:60:55,ads_facebook,mobile,iOS,0,39,0
237558,2015-05-31 00:60:54,direct_traffic,mobile,android,0,39,0
995214,2015-04-05 19:60:28,direct_traffic,mobile,android,0,39,0
464304,2015-04-01 12:60:25,seo_facebook,web,windows,0,39,0
688548,2015-04-25 15:60:49,seo-google,mobile,iOS,0,39,0
580061,2015-05-16 03:60:28,ads-google,mobile,android,0,39,0
733638,2015-05-29 13:60:17,seo_facebook,mobile,android,0,39,0
763878,2015-05-22 04:60:12,ads-yahoo,web,windows,1,59,0
670953,2015-04-29 00:60:41,ads_facebook,mobile,iOS,0,39,0
379239,2015-04-02 17:60:32,ads-google,mobile,android,0,39,0
241166,2015-04-07 13:60:03,seo_facebook,web,windows,1,59,0
48400,2015-05-23 11:60:15,ads_facebook,mobile,iOS,0,39,0
938350,2015-04-09 10:60:09,ads-google,web,windows,1,59,0
662906,2015-04-09 18:60:23,direct_traffic,web,windows,1,59,0
422145,2015-03-26 01:60:08,direct_traffic,mobile,other,0,39,0
321196,2015-04-12 22:60:24,direct_traffic,mobile,other,0,39,0
55145,2015-05-28 18:60:23,seo-other,web,windows,1,59,0
217853,2015-05-08 16:60:10,friend_referral,web,windows,0,39,0
53017,2015-04-12 10:60:41,ads_facebook,web,mac,0,39,0
958929,2015-04-10 17:60:59,direct_traffic,web,mac,0,39,0
479502,2015-05-22 16:60:41,ads-google,web,windows,0,39,0
885072,2015-03-22 09:60:49,ads-bing,mobile,android,0,39,0
335713,2015-05-30 12:60:13,direct_traffic,web,windows,0,39,0
152263,2015-05-16 07:60:51,ads-bing,web,mac,0,39,0
814178,2015-03-14 18:60:29,ads-google,mobile,android,0,39,0
864293,2015-04-23 13:60:24,ads_other,mobile,iOS,0,39,0
693396,2015-05-04 13:60:23,seo_facebook,mobile,android,0,39,0
918645,2015-05-09 05:60:41,ads_facebook,web,windows,0,39,0
531220,2015-05-01 02:60:51,direct_traffic,mobile,iOS,1,59,0
316470,2015-03-26 08:60:56,seo-yahoo,web,mac,0,39,0
744155,2015-05-15 11:60:40,direct_traffic,mobile,iOS,0,39,0
85812,2015-05-15 08:60:54,ads-bing,mobile,android,1,59,0
3084,2015-03-12 10:60:19,ads-google,web,windows,1,59,0
976196,2015-05-13 09:60:31,ads_facebook,mobile,iOS,1,59,0
949138,2015-05-17 11:60:02,seo-google,web,windows,1,59,0
383887,2015-05-04 08:60:39,friend_referral,web,windows,0,39,0
265589,2015-04-12 01:60:07,ads-google,web,linux,0,39,0
435654,2015-03-24 13:60:51,seo-yahoo,mobile,iOS,1,59,0
371002,2015-03-06 11:60:10,seo_facebook,web,windows,0,39,0
972009,2015-04-21 12:60:56,seo_facebook,mobile,iOS,1,59,0
118117,2015-03-12 16:60:48,ads_facebook,web,mac,0,39,0
590085,2015-05-15 11:60:19,ads_facebook,mobile,iOS,0,39,0
870167,2015-03-28 17:60:46,ads-yahoo,web,windows,0,39,0
29850,2015-05-10 00:60:50,seo-google,mobile,iOS,1,59,0
186891,2015-04-24 15:60:44,friend_referral,web,windows,1,59,0
36147,2015-05-22 12:60:11,ads-google,mobile,android,1,59,0
876179,2015-04-10 17:60:58,ads-google,mobile,iOS,0,39,0
625097,2015-04-23 12:60:50,seo_facebook,web,windows,0,39,0
486090,2015-04-23 19:60:32,seo-other,web,windows,0,39,0
811364,2015-03-27 18:60:48,seo-google,web,mac,0,39,0
227507,2015-05-15 08:60:54,friend_referral,mobile,iOS,1,59,0
107536,2015-03-13 11:60:29,seo-other,mobile,iOS,1,59,0
709590,2015-04-24 11:60:27,direct_traffic,mobile,android,1,59,0
409939,2015-03-15 11:60:15,ads_facebook,mobile,android,0,39,0
962232,2015-04-02 16:60:29,ads-bing,mobile,iOS,1,59,0
747026,2015-05-17 13:60:40,direct_traffic,web,windows,0,39,0
325104,2015-03-19 11:60:54,ads_facebook,mobile,android,0,39,0
847968,2015-05-07 23:60:10,direct_traffic,web,windows,0,39,0
800409,2015-03-28 12:60:50,ads-google,web,mac,1,59,0
757167,2015-05-01 12:60:52,ads-google,mobile,android,0,39,0
485217,2015-05-09 01:60:58,seo-google,web,windows,0,39,0
931493,2015-05-11 11:60:32,ads_facebook,web,windows,0,39,0
241943,2015-05-15 17:60:18,ads_other,web,windows,0,39,0
352409,2015-04-10 11:60:50,ads_facebook,web,mac,0,39,0
509300,2015-05-23 17:60:10,ads-yahoo,web,windows,0,39,0
686558,2015-03-21 12:60:45,direct_traffic,mobile,iOS,0,39,0
645524,2015-03-09 16:60:23,ads-google,web,windows,0,39,0
534125,2015-05-30 13:60:50,direct_traffic,web,mac,0,39,1
28095,2015-05-23 10:60:55,seo_facebook,mobile,iOS,1,59,0
509357,2015-03-24 08:60:26,ads-google,mobile,iOS,0,39,0
123743,2015-05-09 13:60:49,seo-yahoo,web,windows,1,59,0
396114,2015-05-15 17:60:19,direct_traffic,mobile,iOS,0,39,0
180833,2015-03-22 11:60:25,friend_referral,web,windows,0,39,1
669954,2015-03-21 17:60:18,direct_traffic,mobile,iOS,0,39,0
824617,2015-03-15 12:60:18,ads-google,mobile,android,1,59,0
229531,2015-04-25 17:60:49,seo-bing,web,windows,0,39,0
690562,2015-05-10 14:60:58,direct_traffic,web,mac,0,39,0
907803,2015-05-17 19:60:25,ads-bing,web,mac,0,39,0
799049,2015-05-22 04:60:12,ads-yahoo,web,windows,1,59,0
605690,2015-03-20 02:60:33,direct_traffic,web,mac,0,39,0
96830,2015-03-22 16:60:43,friend_referral,mobile,iOS,0,39,0
102570,2015-03-18 04:60:19,friend_referral,mobile,android,0,39,0
176167,2015-05-04 23:60:49,ads-yahoo,mobile,android,0,39,0
899068,2015-04-08 16:60:01,ads_facebook,web,windows,0,39,0
729350,2015-03-06 11:60:14,seo_facebook,mobile,iOS,0,39,0
156486,2015-03-06 17:60:56,direct_traffic,web,windows,1,59,0
714508,2015-04-26 17:60:57,ads_other,web,windows,0,39,0
94136,2015-05-09 10:60:26,ads-google,web,windows,0,39,0
89602,2015-03-19 00:60:55,ads_other,web,windows,0,39,0
657087,2015-05-27 16:60:14,ads-yahoo,mobile,iOS,0,39,0
521823,2015-05-02 00:60:23,direct_traffic,mobile,android,1,59,0
697477,2015-05-22 14:60:07,ads-bing,web,windows,1,59,0
738690,2015-04-04 22:60:48,ads_facebook,mobile,iOS,0,39,0
518680,2015-03-20 03:60:01,direct_traffic,mobile,iOS,1,59,0
190049,2015-03-13 19:60:23,ads-bing,mobile,iOS,0,39,0
369964,2015-05-03 09:60:56,ads_facebook,mobile,iOS,0,39,0
951305,2015-05-02 16:60:59,ads-bing,mobile,iOS,0,39,0
346110,2015-04-03 15:60:25,ads-google,web,mac,1,59,0
499297,2015-04-05 14:60:12,direct_traffic,mobile,android,0,39,0
224235,2015-04-04 01:60:14,ads_facebook,mobile,iOS,1,59,0
220354,2015-03-10 10:60:18,direct_traffic,mobile,iOS,0,39,0
875605,2015-04-17 23:60:25,ads-google,mobile,iOS,1,59,0
395363,2015-05-06 03:60:21,ads_other,web,mac,0,39,0
740119,2015-03-15 09:60:26,ads-google,web,windows,0,39,0
294955,2015-05-31 12:60:24,seo_facebook,mobile,iOS,1,59,0
32354,2015-04-16 09:60:14,seo_facebook,mobile,iOS,0,39,0
289811,2015-03-13 10:60:01,ads-yahoo,web,windows,0,39,0
607540,2015-05-06 11:60:14,ads_facebook,web,windows,1,59,0
906199,2015-03-28 14:60:39,ads-google,web,mac,1,59,0
137021,2015-04-12 11:60:53,ads-google,web,mac,0,39,0
978860,2015-03-27 10:60:14,direct_traffic,mobile,iOS,0,39,0
774788,2015-03-15 12:60:08,friend_referral,mobile,iOS,1,59,0
246984,2015-03-07 12:60:54,ads_facebook,mobile,other,1,59,1
657858,2015-03-29 17:60:41,ads-bing,web,windows,1,59,0
759714,2015-04-07 13:60:03,seo_facebook,web,windows,1,59,0
681012,2015-03-21 08:60:42,direct_traffic,mobile,iOS,1,59,0
203415,2015-04-19 10:60:23,seo-google,web,windows,0,39,0
987437,2015-03-06 12:60:40,ads-google,web,windows,0,39,0
598831,2015-05-16 10:60:06,ads_facebook,web,mac,0,39,0
780357,2015-04-30 05:60:10,direct_traffic,mobile,iOS,0,39,0
88837,2015-05-17 12:60:33,seo_facebook,mobile,android,0,39,0
27608,2015-04-16 13:60:04,friend_referral,mobile,android,0,39,0
739532,2015-04-30 23:60:41,ads_facebook,mobile,iOS,1,59,0
573228,2015-05-26 16:60:41,ads-yahoo,mobile,android,1,59,0
117006,2015-03-14 07:60:41,ads-yahoo,mobile,iOS,0,39,0
696489,2015-04-23 16:60:07,ads_facebook,web,windows,1,59,0
169424,2015-04-30 12:60:25,direct_traffic,web,windows,0,39,0
203737,2015-04-17 12:60:43,direct_traffic,web,windows,0,39,0
611734,2015-04-21 08:60:42,seo-google,mobile,iOS,0,39,0
321387,2015-04-03 16:60:33,friend_referral,mobile,iOS,1,59,0
867762,2015-03-29 19:60:37,ads_facebook,mobile,android,0,39,0
867879,2015-03-09 08:60:05,ads-bing,mobile,android,0,39,0
136133,2015-05-10 11:60:48,seo-google,mobile,android,1,59,0
102212,2015-05-12 08:60:05,direct_traffic,mobile,iOS,0,39,0
601917,2015-05-08 16:60:32,ads_facebook,mobile,iOS,1,59,0
535558,2015-05-04 18:60:44,ads-google,mobile,other,1,59,0
22374,2015-04-16 21:60:34,friend_referral,mobile,iOS,0,39,0
912633,2015-03-14 18:60:29,ads-google,mobile,android,0,39,0
38230,2015-03-07 12:60:02,ads_other,mobile,iOS,0,39,0
718421,2015-05-30 09:60:21,ads_other,mobile,iOS,0,39,0
277734,2015-05-31 00:60:03,seo_facebook,mobile,android,0,39,0
716872,2015-05-27 16:60:59,ads_facebook,mobile,iOS,1,59,0
445763,2015-05-09 17:60:33,ads-google,mobile,android,0,39,0
176143,2015-05-01 14:60:06,seo-bing,mobile,android,1,59,0
502585,2015-04-17 12:60:10,ads-yahoo,web,windows,0,39,0
816439,2015-05-29 10:60:35,seo-google,mobile,iOS,0,39,0
99985,2015-03-05 16:60:32,direct_traffic,web,windows,0,39,0
184775,2015-03-23 11:60:18,ads-google,web,mac,0,39,0
82512,2015-03-14 15:60:36,ads_other,mobile,iOS,0,39,0
608152,2015-05-21 14:60:60,ads_facebook,mobile,iOS,0,39,0
559535,2015-05-15 12:60:16,ads-google,mobile,android,0,39,0
828859,2015-05-15 12:60:11,ads_other,web,windows,0,39,0
482082,2015-05-08 07:60:15,direct_traffic,web,windows,0,39,0
788429,2015-03-29 19:60:37,ads_facebook,mobile,android,0,39,0
686226,2015-03-21 11:60:06,ads-google,mobile,android,1,59,0
331521,2015-04-30 13:60:20,ads-google,web,mac,0,39,0
884715,2015-04-17 14:60:39,seo-bing,web,windows,1,59,0
974761,2015-04-24 12:60:42,direct_traffic,web,windows,0,39,0
665012,2015-04-17 09:60:53,ads-google,web,windows,0,39,0
401146,2015-04-05 04:60:33,friend_referral,web,windows,0,39,0
404997,2015-03-09 15:60:03,ads_other,mobile,android,1,59,0
330571,2015-05-01 17:60:09,seo-bing,mobile,other,0,39,0
11570,2015-05-29 21:60:28,friend_referral,mobile,iOS,0,39,0
916705,2015-05-15 22:60:08,friend_referral,web,windows,0,39,0
105978,2015-05-15 07:60:57,ads-google,mobile,iOS,0,39,0
879030,2015-05-09 23:60:15,ads_other,mobile,iOS,1,59,0
242386,2015-04-24 16:60:25,direct_traffic,mobile,android,0,39,0
577324,2015-03-14 07:60:07,direct_traffic,mobile,iOS,0,39,0
262953,2015-04-26 04:60:25,direct_traffic,web,windows,0,39,0
843788,2015-03-04 08:60:07,ads-google,web,linux,1,59,0
822314,2015-04-10 10:60:17,friend_referral,web,linux,1,59,0
872482,2015-04-01 16:60:34,ads_other,mobile,iOS,0,39,0
348709,2015-05-31 19:60:47,ads_facebook,web,mac,1,59,0
421246,2015-03-31 12:60:39,ads_facebook,mobile,iOS,0,39,0
454455,2015-03-06 17:60:16,seo-other,mobile,iOS,0,39,0
37300,2015-03-13 08:60:22,direct_traffic,mobile,other,0,39,0
319038,2015-05-24 13:60:14,seo-other,mobile,android,0,39,0
985696,2015-03-21 08:60:42,direct_traffic,mobile,iOS,1,59,0
617149,2015-05-01 09:60:30,ads-google,mobile,iOS,0,39,0
331518,2015-03-07 11:60:58,seo-google,mobile,android,0,39,0
792906,2015-05-08 11:60:59,ads_facebook,web,windows,0,39,0
658355,2015-03-26 08:60:56,seo-yahoo,web,mac,0,39,0
626627,2015-03-07 11:60:38,ads-google,mobile,iOS,0,39,0
186568,2015-03-27 14:60:32,ads_facebook,web,windows,1,59,0
690250,2015-04-10 17:60:59,direct_traffic,web,mac,0,39,0
345241,2015-05-23 07:60:60,direct_traffic,mobile,iOS,0,39,0
975258,2015-03-27 04:60:24,seo_facebook,mobile,other,0,39,0
383152,2015-05-21 10:60:09,ads_facebook,web,mac,0,39,0
341417,2015-04-29 17:60:32,ads-bing,mobile,android,0,39,0
494510,2015-05-02 18:60:39,ads-bing,web,windows,0,39,0
788763,2015-03-24 10:60:39,direct_traffic,web,windows,1,59,0
364054,2015-04-07 11:60:58,ads_facebook,mobile,iOS,0,39,0
331904,2015-05-22 16:60:22,seo-yahoo,web,mac,0,39,0
365552,2015-03-15 22:60:55,direct_traffic,web,windows,0,39,0
826136,2015-05-02 11:60:52,ads_facebook,mobile,iOS,0,39,0
943889,2015-03-12 10:60:53,ads_facebook,mobile,android,0,39,0
556668,2015-03-08 09:60:02,direct_traffic,web,windows,1,59,0
750363,2015-03-15 12:60:30,direct_traffic,mobile,iOS,1,59,0
271370,2015-03-07 07:60:16,ads-bing,mobile,android,0,39,0
448015,2015-05-08 11:60:60,ads-google,web,windows,1,59,0
658085,2015-05-17 10:60:46,friend_referral,mobile,iOS,0,39,0
717963,2015-04-25 17:60:49,seo-bing,web,windows,0,39,0
722945,2015-05-30 12:60:04,ads-bing,web,mac,0,39,0
476241,2015-03-29 00:60:53,ads_facebook,web,windows,0,39,0
985334,2015-03-07 05:60:23,ads_other,mobile,android,1,59,0
521382,2015-03-12 13:60:55,direct_traffic,mobile,android,0,39,0
122563,2015-03-30 03:60:54,seo-google,web,windows,0,39,0
650471,2015-04-10 14:60:06,seo-other,mobile,iOS,0,39,0
703855,2015-05-08 18:60:31,seo_facebook,mobile,android,0,39,0
65268,2015-03-28 18:60:31,ads-bing,mobile,other,0,39,0
178252,2015-03-23 16:60:07,ads-google,mobile,android,0,39,0
250515,2015-05-08 20:60:48,direct_traffic,mobile,android,1,59,0
501528,2015-03-30 20:60:01,friend_referral,mobile,iOS,1,59,0
388166,2015-03-21 18:60:44,ads_other,mobile,android,0,39,0
311776,2015-04-21 11:60:07,ads-google,mobile,iOS,0,39,0
805561,2015-04-15 09:60:41,ads_other,mobile,iOS,0,39,0
942033,2015-05-29 12:60:01,friend_referral,web,windows,0,39,0
779572,2015-05-10 23:60:11,ads-google,mobile,iOS,0,39,0
584431,2015-05-17 10:60:33,seo-google,web,mac,0,39,0
746912,2015-03-28 16:60:59,direct_traffic,web,windows,1,59,0
911542,2015-05-17 07:60:09,seo-google,mobile,iOS,0,39,0
296955,2015-05-09 07:60:33,ads_facebook,web,windows,1,59,0
910733,2015-05-14 12:60:46,direct_traffic,mobile,iOS,0,39,0
438450,2015-05-09 17:60:53,ads-google,web,mac,0,39,0
269430,2015-05-31 08:60:06,friend_referral,mobile,iOS,0,39,0
307584,2015-03-21 12:60:46,direct_traffic,web,windows,0,39,0
7391,2015-04-10 12:60:12,ads_facebook,mobile,iOS,0,39,0
295742,2015-05-22 10:60:27,ads_facebook,mobile,iOS,0,39,0
192545,2015-05-29 13:60:17,seo_facebook,mobile,android,0,39,0
206989,2015-03-06 14:60:32,ads_facebook,mobile,iOS,0,39,0
932910,2015-05-18 10:60:02,seo-google,mobile,android,0,39,0
827151,2015-05-08 11:60:14,ads-google,web,windows,0,39,0
186400,2015-04-16 10:60:37,seo-other,mobile,iOS,1,59,0
579268,2015-05-23 12:60:47,direct_traffic,mobile,iOS,1,59,0
568621,2015-05-22 23:60:24,friend_referral,web,windows,0,39,0
798995,2015-04-09 19:60:05,ads_other,mobile,other,0,39,0
175870,2015-05-29 05:60:60,direct_traffic,web,windows,0,39,0
332253,2015-04-26 16:60:45,direct_traffic,mobile,android,0,39,0
904872,2015-04-06 15:60:22,seo-other,mobile,android,0,39,0
167322,2015-03-06 17:60:56,direct_traffic,web,windows,1,59,0
308099,2015-03-18 09:60:37,direct_traffic,mobile,android,1,59,0
686757,2015-04-15 22:60:11,seo_facebook,web,windows,0,39,0
445197,2015-05-22 10:60:55,seo-google,mobile,android,0,39,0
426628,2015-04-26 00:60:42,ads-google,web,mac,1,59,0
700194,2015-04-24 12:60:01,direct_traffic,mobile,iOS,0,39,0
291152,2015-04-29 23:60:59,seo-other,mobile,other,1,59,0
608065,2015-03-11 11:60:38,seo-yahoo,mobile,android,0,39,0
570580,2015-04-19 15:60:35,ads_facebook,mobile,iOS,1,59,0
861808,2015-03-09 22:60:60,direct_traffic,web,mac,0,39,0
719899,2015-05-02 14:60:31,ads-yahoo,web,windows,0,39,0
315868,2015-04-19 03:60:09,ads_facebook,mobile,iOS,1,59,0
941872,2015-05-17 15:60:50,ads-yahoo,mobile,iOS,0,39,0
659022,2015-03-20 22:60:41,ads_facebook,mobile,iOS,1,59,0
885425,2015-03-22 09:60:49,ads-bing,mobile,android,0,39,0
91121,2015-03-06 12:60:39,ads-google,mobile,iOS,1,59,1
985703,2015-05-04 08:60:39,friend_referral,web,windows,0,39,0
777858,2015-05-21 16:60:37,direct_traffic,mobile,iOS,0,39,0
707010,2015-04-04 05:60:35,ads_facebook,mobile,android,1,59,1
745023,2015-03-26 11:60:35,ads-google,mobile,iOS,1,59,0
728747,2015-03-07 12:60:32,seo-google,mobile,iOS,1,59,0
268406,2015-03-14 17:60:45,ads-google,mobile,android,1,59,0
961152,2015-04-26 23:60:31,ads_other,mobile,android,0,39,0
175762,2015-03-23 06:60:45,ads-google,mobile,android,0,39,1
276049,2015-05-05 12:60:34,ads_facebook,web,windows,1,59,0
668900,2015-03-27 12:60:50,direct_traffic,mobile,iOS,1,59,0
58911,2015-03-05 11:60:17,friend_referral,web,windows,0,39,0
875144,2015-04-25 10:60:39,seo_facebook,mobile,android,0,39,0
24710,2015-03-09 09:60:34,ads_facebook,mobile,iOS,1,59,0
46779,2015-04-22 08:60:21,seo-google,mobile,iOS,1,59,0
938004,2015-05-17 15:60:16,seo_facebook,mobile,android,0,39,0
699862,2015-04-05 10:60:26,ads-google,web,windows,0,39,0
64271,2015-04-04 11:60:08,ads_other,mobile,android,0,39,0
119156,2015-03-27 17:60:22,ads-google,web,windows,1,59,0
692268,2015-03-20 10:60:13,ads_other,mobile,android,0,39,0
611615,2015-04-05 11:60:01,ads_facebook,mobile,iOS,0,39,0
444935,2015-04-04 18:60:41,ads-yahoo,web,windows,1,59,0
52236,2015-05-16 11:60:16,seo-google,mobile,other,0,39,0
558998,2015-04-29 00:60:41,ads_facebook,mobile,iOS,0,39,0
763699,2015-05-08 13:60:10,ads-google,mobile,iOS,0,39,0
805960,2015-04-29 00:60:11,ads-bing,web,windows,0,39,0
349388,2015-04-17 13:60:41,direct_traffic,web,windows,0,39,0
561626,2015-04-17 10:60:27,ads-google,web,windows,1,59,0
2405,2015-03-09 02:60:18,friend_referral,mobile,android,0,39,1
452094,2015-03-06 19:60:49,seo-google,mobile,android,0,39,0
656553,2015-03-06 12:60:40,seo-other,mobile,android,0,39,0
808186,2015-04-04 12:60:01,ads-bing,web,windows,0,39,0
300971,2015-05-09 12:60:14,ads_other,mobile,android,1,59,0
537182,2015-04-25 17:60:12,ads_facebook,mobile,iOS,1,59,0
492490,2015-05-24 02:60:41,seo_facebook,mobile,android,1,59,0
121317,2015-03-21 08:60:03,seo_facebook,mobile,iOS,0,39,0
884395,2015-03-14 19:60:60,ads-google,mobile,android,0,39,0
541075,2015-04-11 14:60:39,ads-google,web,windows,0,39,0
935987,2015-04-15 11:60:22,ads-google,web,windows,0,39,0
951214,2015-04-17 12:60:38,ads-yahoo,mobile,iOS,1,59,0
564555,2015-03-07 11:60:25,ads-google,mobile,android,0,39,0
675111,2015-03-14 19:60:47,direct_traffic,mobile,iOS,0,39,0
509290,2015-03-13 10:60:24,direct_traffic,mobile,iOS,0,39,0
978084,2015-04-17 15:60:44,ads-bing,web,mac,0,39,0
179097,2015-03-27 23:60:45,seo-yahoo,mobile,android,0,39,0
406111,2015-05-25 13:60:59,direct_traffic,mobile,iOS,0,39,0
647526,2015-04-24 17:60:30,ads-yahoo,web,windows,1,59,0
891472,2015-04-28 08:60:32,seo-google,mobile,iOS,0,39,0
237840,2015-05-22 13:60:22,ads_facebook,mobile,iOS,0,39,0
328505,2015-03-20 11:60:55,ads-bing,web,windows,1,59,0
698382,2015-03-20 12:60:51,ads-google,mobile,android,0,39,0
759516,2015-04-18 08:60:53,friend_referral,web,windows,0,39,0
848120,2015-05-14 13:60:25,ads-google,mobile,iOS,1,59,0
982931,2015-03-28 16:60:25,ads-yahoo,mobile,iOS,0,39,0
649826,2015-03-28 10:60:43,seo-other,web,windows,0,39,0
255561,2015-05-30 12:60:13,direct_traffic,web,windows,0,39,0
101235,2015-04-26 16:60:24,ads-google,mobile,iOS,0,39,0
944016,2015-03-27 12:60:01,ads-bing,web,windows,0,39,0
52268,2015-04-21 12:60:34,seo-google,mobile,iOS,0,39,0
138558,2015-04-12 11:60:04,friend_referral,mobile,iOS,0,39,0
868326,2015-03-20 09:60:40,ads_other,web,windows,0,39,0
329056,2015-03-16 09:60:37,direct_traffic,mobile,iOS,0,39,0
508594,2015-04-24 08:60:10,ads_facebook,web,mac,0,39,0
379888,2015-03-08 13:60:29,ads-google,mobile,iOS,1,59,0
326384,2015-04-03 12:60:14,direct_traffic,mobile,android,1,59,0
556018,2015-03-27 14:60:32,ads_facebook,web,windows,1,59,0
87207,2015-05-08 12:60:03,ads_other,web,windows,0,39,0
150319,2015-04-23 15:60:02,seo-google,web,windows,0,39,0
635404,2015-03-25 07:60:12,friend_referral,mobile,iOS,0,39,0
887426,2015-05-08 10:60:59,ads-bing,web,windows,1,59,0
482263,2015-03-20 01:60:06,ads-google,mobile,android,0,39,0
712011,2015-05-24 15:60:57,ads_facebook,mobile,iOS,0,39,0
683378,2015-03-21 08:60:03,seo_facebook,mobile,iOS,0,39,0
210705,2015-03-26 12:60:36,direct_traffic,mobile,iOS,0,39,0
78136,2015-05-23 01:60:05,direct_traffic,mobile,android,0,39,0
598302,2015-04-17 17:60:43,ads_facebook,mobile,other,1,59,0
519081,2015-04-19 03:60:09,ads_facebook,mobile,iOS,1,59,0
945636,2015-05-23 10:60:56,seo_facebook,mobile,android,1,59,0
251969,2015-05-01 23:60:21,ads_other,mobile,android,1,59,0
319720,2015-05-22 13:60:01,seo_facebook,mobile,android,0,39,0
172180,2015-05-31 10:60:34,direct_traffic,mobile,iOS,0,39,0
339265,2015-04-22 11:60:44,ads_facebook,mobile,android,1,59,0
747841,2015-03-20 05:60:04,ads-google,mobile,iOS,1,59,0
775095,2015-03-07 04:60:41,ads-bing,mobile,iOS,0,39,0
919490,2015-05-17 11:60:27,seo_facebook,web,windows,0,39,0
76793,2015-04-29 11:60:30,seo_facebook,web,windows,0,39,0
567692,2015-04-12 01:60:07,ads-google,web,linux,0,39,0
165321,2015-03-06 13:60:04,ads-google,web,windows,1,59,0
69606,2015-03-15 12:60:08,friend_referral,mobile,iOS,1,59,0
263857,2015-03-04 18:60:15,seo-yahoo,mobile,iOS,0,39,0
394752,2015-05-02 00:60:23,direct_traffic,mobile,android,1,59,0
339829,2015-04-17 07:60:49,direct_traffic,mobile,android,0,39,0
728223,2015-03-17 10:60:58,ads_facebook,web,windows,0,39,0
105432,2015-03-27 17:60:08,ads_other,web,windows,1,59,0
118596,2015-03-15 12:60:38,ads-google,web,windows,1,59,0
224920,2015-04-05 12:60:17,ads-bing,web,windows,0,39,0
788911,2015-03-28 13:60:36,seo_facebook,mobile,android,1,59,0
128648,2015-03-08 00:60:06,ads_other,web,windows,1,59,0
731338,2015-05-08 12:60:07,ads-google,web,windows,0,39,0
834079,2015-05-17 21:60:47,direct_traffic,web,windows,0,39,0
95124,2015-04-26 10:60:01,direct_traffic,mobile,iOS,1,59,0
246584,2015-05-05 03:60:09,ads-google,mobile,iOS,0,39,0
855656,2015-03-14 08:60:21,ads-google,web,windows,0,39,0
547810,2015-05-29 10:60:40,seo-other,mobile,iOS,0,39,0
809527,2015-04-15 10:60:49,seo-google,mobile,iOS,0,39,0
739613,2015-03-25 11:60:56,ads-bing,mobile,other,1,59,0
957121,2015-04-17 11:60:59,direct_traffic,mobile,android,0,39,0
403456,2015-03-14 12:60:47,seo_facebook,web,windows,1,59,0
158850,2015-05-22 11:60:25,direct_traffic,web,mac,0,39,0
202933,2015-05-01 22:60:56,direct_traffic,mobile,iOS,1,59,0
684106,2015-05-08 11:60:60,ads-google,web,windows,1,59,0
143144,2015-04-08 10:60:13,direct_traffic,web,windows,0,39,0
582499,2015-04-01 04:60:19,friend_referral,web,windows,1,59,0
320047,2015-03-20 10:60:13,ads_other,mobile,android,0,39,0
895409,2015-05-05 12:60:07,ads-google,mobile,iOS,0,39,0
743979,2015-05-21 06:60:19,ads-bing,mobile,android,0,39,0
523105,2015-05-05 12:60:05,seo-google,mobile,other,0,39,0
151068,2015-04-23 16:60:07,ads_facebook,web,windows,1,59,0
949715,2015-05-21 15:60:38,ads_facebook,web,windows,1,59,0
814511,2015-05-07 01:60:51,ads_facebook,mobile,android,0,39,0
612748,2015-03-21 18:60:05,friend_referral,mobile,iOS,0,39,0
758127,2015-04-29 17:60:32,ads-bing,mobile,android,0,39,0
69018,2015-03-20 15:60:09,ads-google,mobile,iOS,0,39,0
846896,2015-04-04 10:60:04,ads-google,mobile,other,0,39,0
714326,2015-05-05 08:60:42,seo-yahoo,mobile,android,0,39,0
761115,2015-04-23 15:60:02,seo-google,web,windows,0,39,0
457208,2015-03-19 11:60:52,ads-google,mobile,iOS,0,39,0
62712,2015-05-07 18:60:44,ads-bing,web,mac,1,59,0
730977,2015-03-14 09:60:30,ads_facebook,mobile,iOS,0,39,0
935519,2015-03-20 16:60:36,ads-google,mobile,android,0,39,0
170680,2015-04-24 22:60:45,seo-other,mobile,iOS,0,39,0
454607,2015-03-24 16:60:28,ads_other,web,mac,0,39,0
633715,2015-05-21 15:60:38,ads_facebook,web,windows,1,59,0
196771,2015-05-15 14:60:54,direct_traffic,mobile,iOS,0,39,0
921055,2015-04-12 11:60:30,ads-google,mobile,iOS,0,39,0
889057,2015-05-07 13:60:19,direct_traffic,mobile,iOS,0,39,0
714767,2015-03-06 14:60:33,ads_facebook,mobile,android,0,39,0
411019,2015-05-06 22:60:29,ads-bing,web,windows,1,59,0
353091,2015-05-08 19:60:55,seo-other,web,windows,0,39,0
985481,2015-05-01 15:60:18,direct_traffic,mobile,android,0,39,0
415377,2015-04-28 10:60:32,friend_referral,web,mac,0,39,0
549664,2015-03-14 09:60:27,direct_traffic,web,windows,0,39,0
579388,2015-05-01 13:60:53,ads-google,mobile,android,1,59,0
619830,2015-04-30 11:60:40,ads_facebook,mobile,iOS,0,39,0
807075,2015-05-23 08:60:37,friend_referral,mobile,iOS,0,39,0
19736,2015-04-10 12:60:11,ads_facebook,mobile,android,1,59,0
430961,2015-05-07 12:60:28,seo_facebook,mobile,android,0,39,0
270789,2015-04-03 10:60:21,seo-other,mobile,android,0,39,0
660438,2015-03-15 07:60:33,seo_facebook,mobile,iOS,0,39,0
413435,2015-04-29 16:60:49,ads-bing,mobile,iOS,0,39,0
253809,2015-05-24 18:60:60,seo_facebook,mobile,iOS,0,39,0
941796,2015-05-26 10:60:08,ads_facebook,web,windows,0,39,0
982702,2015-05-01 12:60:05,ads-google,mobile,android,1,59,0
63122,2015-03-13 11:60:04,ads_facebook,web,windows,1,59,0
492302,2015-04-11 11:60:18,friend_referral,web,windows,0,39,0
673680,2015-03-13 16:60:54,ads-google,web,windows,1,59,0
725096,2015-03-11 11:60:38,seo-yahoo,mobile,android,0,39,0
633065,2015-04-08 14:60:49,ads-google,mobile,android,0,39,0
178962,2015-05-06 12:60:14,direct_traffic,mobile,iOS,0,39,0
704011,2015-05-23 11:60:15,ads_facebook,mobile,iOS,0,39,0
5371,2015-04-30 19:60:48,direct_traffic,web,mac,1,59,0
530981,2015-05-15 16:60:41,ads-yahoo,mobile,iOS,1,59,0
144533,2015-05-14 17:60:43,ads_other,mobile,iOS,1,59,0
691013,2015-03-28 18:60:26,ads_facebook,web,mac,0,39,0
67297,2015-04-18 00:60:58,friend_referral,web,windows,1,59,0
967278,2015-05-17 05:60:17,friend_referral,web,windows,1,59,0
557770,2015-03-04 08:60:07,ads-google,web,linux,1,59,0
240740,2015-04-16 23:60:53,ads_facebook,mobile,iOS,0,39,0
271066,2015-03-09 08:60:05,ads-bing,mobile,android,0,39,0
325050,2015-05-22 12:60:14,ads_facebook,mobile,other,0,39,0
743334,2015-03-13 18:60:32,ads-bing,web,mac,1,59,0
427895,2015-05-08 17:60:24,direct_traffic,web,mac,1,59,0
517374,2015-05-23 17:60:10,ads-yahoo,web,windows,0,39,0
917510,2015-03-27 12:60:01,ads-bing,web,windows,0,39,0
388829,2015-05-14 14:60:13,ads-google,web,windows,0,39,0
72518,2015-03-26 09:60:51,friend_referral,mobile,android,0,39,0
73834,2015-04-26 09:60:23,ads-google,mobile,iOS,0,39,0
158695,2015-03-17 12:60:09,direct_traffic,web,mac,0,39,0
999732,2015-03-24 16:60:28,ads_other,web,mac,0,39,0
540358,2015-05-22 14:60:07,ads-bing,web,windows,1,59,0
313978,2015-04-08 17:60:32,direct_traffic,mobile,android,0,39,0
890861,2015-04-12 10:60:44,direct_traffic,web,windows,0,39,0
364109,2015-04-03 05:60:51,ads-yahoo,mobile,iOS,0,39,0
758630,2015-05-22 05:60:04,ads_other,web,windows,0,39,0
744304,2015-05-17 10:60:08,ads_facebook,web,windows,0,39,0
251703,2015-03-12 16:60:48,ads_facebook,web,mac,0,39,0
354060,2015-05-08 17:60:08,ads_facebook,web,windows,0,39,0
467033,2015-04-13 13:60:32,ads-bing,mobile,android,0,39,0
638411,2015-04-06 15:60:22,seo-other,mobile,android,0,39,0
994384,2015-04-04 09:60:25,seo_facebook,mobile,other,1,59,0
767984,2015-03-13 01:60:51,direct_traffic,mobile,iOS,0,39,0
910716,2015-03-16 11:60:36,ads-google,mobile,iOS,1,59,0
866119,2015-04-07 15:60:36,ads_facebook,mobile,iOS,0,39,0
843729,2015-04-12 00:60:03,ads-bing,mobile,iOS,1,59,0
881600,2015-05-16 12:60:50,ads_facebook,mobile,iOS,1,59,0
601751,2015-03-21 12:60:03,seo-google,mobile,android,0,39,0
826791,2015-03-28 11:60:38,ads_facebook,mobile,iOS,1,59,0
918068,2015-04-06 17:60:54,friend_referral,web,windows,0,39,0
3425,2015-04-17 01:60:15,ads-google,web,windows,1,59,0
956722,2015-03-20 15:60:52,ads-bing,web,windows,0,39,0
439588,2015-03-20 12:60:51,ads-google,mobile,android,0,39,0
99724,2015-03-11 14:60:22,seo-bing,web,mac,0,39,0
78483,2015-03-28 11:60:53,ads-google,web,windows,0,39,0
600366,2015-03-29 10:60:08,seo-google,web,windows,1,59,0
635683,2015-05-22 11:60:34,ads-yahoo,web,windows,0,39,0
929554,2015-03-28 18:60:31,ads-bing,mobile,other,0,39,0
943076,2015-04-24 15:60:22,direct_traffic,mobile,android,0,39,0
838846,2015-05-09 08:60:52,friend_referral,mobile,iOS,0,39,0
673894,2015-03-28 17:60:48,ads-google,mobile,iOS,0,39,0
660344,2015-05-08 16:60:10,friend_referral,web,windows,0,39,0
558741,2015-03-26 15:60:09,ads_facebook,mobile,iOS,1,59,0
973995,2015-04-27 08:60:30,ads_facebook,web,windows,0,39,0
988787,2015-03-31 06:60:50,direct_traffic,mobile,iOS,0,39,0
811348,2015-05-26 10:60:16,ads-google,mobile,android,0,39,0
147083,2015-03-30 12:60:08,direct_traffic,web,windows,1,59,0
71392,2015-05-09 12:60:42,ads-yahoo,mobile,iOS,0,39,0
432506,2015-05-25 12:60:33,ads-google,web,windows,0,39,0
123878,2015-04-07 07:60:13,ads_facebook,mobile,android,0,39,0
884274,2015-04-18 03:60:56,ads_facebook,web,windows,1,59,0
370255,2015-04-21 23:60:26,friend_referral,mobile,iOS,1,59,0
487251,2015-04-02 02:60:06,friend_referral,mobile,other,0,39,0
753393,2015-03-19 11:60:54,ads_facebook,mobile,android,0,39,0
860703,2015-03-20 09:60:40,ads_other,web,windows,0,39,0
260303,2015-03-12 13:60:32,direct_traffic,web,linux,0,39,0
544151,2015-04-04 18:60:30,seo-bing,mobile,iOS,1,59,0
798647,2015-04-17 10:60:27,ads-google,web,windows,1,59,0
62137,2015-03-06 01:60:18,direct_traffic,mobile,android,0,39,0
338408,2015-04-03 11:60:39,direct_traffic,mobile,iOS,0,39,0
690315,2015-05-24 10:60:40,seo-google,web,windows,1,59,0
368682,2015-03-21 09:60:28,direct_traffic,web,windows,0,39,0
134363,2015-03-05 11:60:05,seo-google,mobile,iOS,1,59,0
536713,2015-05-07 11:60:54,direct_traffic,mobile,iOS,1,59,0
710941,2015-03-19 10:60:58,ads_facebook,mobile,android,0,39,0
512137,2015-03-08 10:60:24,ads_facebook,mobile,iOS,0,39,0
787124,2015-05-16 17:60:19,seo_facebook,mobile,android,0,39,0
813885,2015-04-11 10:60:44,ads_other,web,windows,0,39,0
83507,2015-04-03 12:60:15,friend_referral,web,windows,1,59,0
4242,2015-03-15 12:60:38,ads-google,web,windows,1,59,0
306720,2015-05-24 12:60:26,direct_traffic,web,windows,0,39,0
249194,2015-04-30 23:60:41,ads_facebook,mobile,iOS,1,59,0
913179,2015-03-28 13:60:44,ads_other,web,windows,0,39,0
784052,2015-03-06 18:60:30,ads_facebook,mobile,iOS,1,59,0
784735,2015-05-19 15:60:33,seo-other,mobile,android,1,59,0
133076,2015-04-26 16:60:45,direct_traffic,mobile,android,0,39,0
401246,2015-04-19 15:60:37,seo-yahoo,mobile,iOS,0,39,0
257009,2015-04-04 12:60:06,seo-google,mobile,iOS,0,39,0
155622,2015-04-10 10:60:20,ads-google,mobile,iOS,0,39,0
220214,2015-03-26 15:60:19,ads-google,mobile,android,0,39,0
7192,2015-03-19 11:60:54,ads_facebook,mobile,android,0,39,0
578362,2015-03-26 15:60:45,ads-bing,web,windows,0,39,0
946607,2015-05-01 07:60:46,friend_referral,web,windows,1,59,0
866831,2015-05-17 23:60:33,ads-google,mobile,iOS,0,39,0
463517,2015-03-21 03:60:24,ads-google,web,mac,0,39,0
210388,2015-04-25 09:60:02,ads-bing,mobile,android,1,59,0
548241,2015-03-08 16:60:34,ads-google,web,windows,1,59,0
495477,2015-04-25 05:60:58,ads-google,mobile,android,1,59,0
19875,2015-03-14 18:60:29,ads-google,mobile,android,0,39,0
974583,2015-03-28 16:60:25,ads-yahoo,mobile,iOS,0,39,0
449471,2015-05-17 09:60:32,direct_traffic,mobile,iOS,0,39,0
714505,2015-05-22 21:60:58,seo-google,mobile,android,1,59,0
706291,2015-04-06 18:60:12,seo-bing,web,mac,0,39,0
564363,2015-04-13 05:60:11,seo-google,mobile,iOS,0,39,0
395017,2015-05-15 12:60:42,ads-google,mobile,android,0,39,0
834895,2015-05-07 12:60:21,ads-bing,mobile,iOS,1,59,0
883462,2015-05-29 15:60:53,direct_traffic,web,windows,0,39,0
984242,2015-05-15 05:60:15,seo_facebook,mobile,android,1,59,0
807287,2015-05-30 12:60:03,ads_other,web,mac,0,39,0
24949,2015-04-12 09:60:50,ads_facebook,mobile,iOS,0,39,0
343597,2015-05-22 04:60:12,ads-yahoo,web,windows,1,59,0
171145,2015-03-05 02:60:58,direct_traffic,mobile,iOS,0,39,0
269332,2015-03-06 21:60:30,ads_facebook,web,windows,1,59,0
370403,2015-05-12 08:60:05,direct_traffic,mobile,iOS,0,39,0
761146,2015-03-26 01:60:08,direct_traffic,mobile,other,0,39,0
283146,2015-04-09 19:60:05,ads_other,mobile,other,0,39,0
570877,2015-04-04 17:60:39,ads_facebook,mobile,iOS,1,59,0
610493,2015-05-30 02:60:17,ads_facebook,web,windows,0,39,0
395505,2015-05-29 09:60:36,ads_facebook,mobile,iOS,0,39,0
501232,2015-05-08 16:60:41,ads-yahoo,mobile,iOS,1,59,0
5336,2015-03-06 15:60:02,seo-google,mobile,iOS,0,39,0
229663,2015-03-26 16:60:34,ads_facebook,mobile,iOS,1,59,0
423401,2015-03-07 10:60:45,seo_facebook,mobile,iOS,0,39,0
209543,2015-04-17 12:60:10,ads-yahoo,web,windows,0,39,0
509302,2015-04-24 09:60:51,direct_traffic,web,windows,0,39,0
452156,2015-05-10 14:60:51,direct_traffic,mobile,iOS,1,59,0
911169,2015-03-11 17:60:07,ads-bing,mobile,android,0,39,0
404420,2015-03-10 11:60:32,ads-bing,mobile,iOS,1,59,0
834164,2015-03-08 12:60:25,direct_traffic,mobile,iOS,0,39,0
609078,2015-05-15 05:60:15,seo_facebook,mobile,android,1,59,0
761461,2015-04-03 10:60:38,ads_facebook,mobile,android,0,39,0
781481,2015-04-26 07:60:23,ads-google,mobile,android,0,39,0
18610,2015-05-18 03:60:11,ads_facebook,web,windows,0,39,0
447432,2015-05-09 00:60:26,seo-google,web,windows,0,39,0
862711,2015-04-12 09:60:50,seo-yahoo,mobile,android,1,59,0
132727,2015-03-21 05:60:35,ads-yahoo,mobile,android,0,39,0
896752,2015-05-01 15:60:05,ads_facebook,web,windows,1,59,0
463551,2015-03-25 10:60:02,direct_traffic,web,windows,1,59,0
525126,2015-03-05 16:60:32,direct_traffic,web,windows,0,39,0
648155,2015-04-26 17:60:28,ads-bing,mobile,iOS,0,39,0
756284,2015-05-08 20:60:29,direct_traffic,web,mac,1,59,0
886558,2015-04-17 05:60:26,ads_facebook,mobile,android,1,59,0
462175,2015-04-24 08:60:08,ads_other,web,mac,0,39,0
4419,2015-05-09 15:60:44,ads_facebook,mobile,other,0,39,0
881771,2015-03-14 15:60:36,ads_facebook,web,mac,0,39,0
873035,2015-05-23 09:60:32,ads_facebook,web,mac,0,39,0
903682,2015-05-02 14:60:41,ads_facebook,mobile,iOS,1,59,0
701466,2015-05-24 12:60:26,direct_traffic,web,windows,0,39,0
983098,2015-05-03 12:60:18,ads-google,mobile,android,0,39,0
43175,2015-05-27 05:60:53,ads-google,mobile,android,0,39,0
874289,2015-05-19 11:60:10,ads_other,mobile,android,1,59,0
114336,2015-05-22 11:60:02,direct_traffic,mobile,iOS,1,59,0
758912,2015-05-22 13:60:10,seo-other,web,windows,0,39,0
431792,2015-04-17 23:60:25,ads-google,mobile,iOS,1,59,0
121177,2015-03-13 05:60:51,friend_referral,mobile,iOS,0,39,0
842184,2015-04-12 17:60:09,ads-bing,web,windows,0,39,0
864970,2015-03-28 06:60:26,seo-yahoo,web,windows,1,59,0
796461,2015-04-19 17:60:54,ads-google,web,mac,0,39,0
484946,2015-05-30 12:60:37,seo-google,mobile,iOS,0,39,0
844288,2015-03-07 12:60:40,direct_traffic,web,mac,0,39,0
563355,2015-03-30 20:60:01,friend_referral,mobile,iOS,1,59,0
968591,2015-03-07 07:60:19,ads-google,mobile,android,1,59,0
566410,2015-05-01 12:60:52,ads-google,web,windows,0,39,0
651812,2015-05-07 13:60:19,direct_traffic,mobile,iOS,0,39,0
180942,2015-03-08 11:60:38,seo-google,web,linux,0,39,0
633911,2015-05-09 12:60:33,friend_referral,mobile,iOS,1,59,0
977384,2015-03-04 18:60:15,seo-yahoo,mobile,iOS,0,39,0
472035,2015-04-03 10:60:41,ads-google,web,mac,0,39,0
305523,2015-05-27 08:60:48,seo_facebook,web,windows,1,59,0
520710,2015-05-16 13:60:22,ads_other,mobile,android,0,39,0
752575,2015-05-07 11:60:32,ads_facebook,web,windows,0,39,0
375110,2015-05-01 21:60:37,ads_other,mobile,iOS,0,39,0
267120,2015-04-03 11:60:30,ads_facebook,web,windows,0,39,0
211257,2015-05-02 08:60:53,ads-google,mobile,iOS,1,59,0
377366,2015-04-29 17:60:31,seo_facebook,mobile,iOS,0,39,0
549989,2015-05-31 18:60:40,seo-yahoo,mobile,android,1,59,0
456728,2015-04-21 08:60:57,ads-bing,mobile,iOS,0,39,0
421003,2015-03-27 11:60:28,direct_traffic,mobile,iOS,0,39,0
33923,2015-04-11 09:60:18,direct_traffic,mobile,android,1,59,0
840000,2015-05-25 16:60:47,ads-google,mobile,android,0,39,0
895513,2015-03-29 19:60:09,ads_facebook,web,windows,0,39,0
98195,2015-05-29 12:60:34,seo_facebook,mobile,iOS,1,59,0
528229,2015-03-23 12:60:38,direct_traffic,web,mac,0,39,0
22615,2015-05-09 05:60:41,ads_facebook,web,windows,0,39,0
570482,2015-03-20 12:60:51,ads-google,mobile,android,0,39,0
795920,2015-04-11 09:60:31,seo-google,mobile,android,0,39,0
561819,2015-04-19 04:60:03,ads_facebook,mobile,android,0,39,0
502127,2015-05-17 14:60:05,seo-google,web,windows,0,39,0
98542,2015-04-26 00:60:42,ads-google,web,mac,1,59,0
88879,2015-05-29 04:60:45,ads_facebook,mobile,android,1,59,0
787453,2015-04-02 12:60:20,ads-bing,mobile,iOS,0,39,0
662676,2015-03-12 13:60:33,friend_referral,web,windows,0,39,0
707303,2015-04-26 16:60:40,ads-bing,web,windows,1,59,0
451802,2015-04-04 09:60:59,seo_facebook,web,windows,0,39,0
897063,2015-04-10 12:60:28,ads_facebook,mobile,android,0,39,0
809965,2015-03-13 10:60:22,friend_referral,web,windows,0,39,0
341482,2015-05-24 01:60:10,direct_traffic,mobile,android,1,59,0
439442,2015-05-26 16:60:41,ads-yahoo,mobile,android,1,59,0
939963,2015-05-30 12:60:49,ads-google,web,windows,1,59,0
772205,2015-03-06 11:60:24,seo-google,web,windows,0,39,0
619398,2015-05-29 12:60:37,direct_traffic,web,windows,0,39,0
490083,2015-04-09 14:60:41,ads-bing,mobile,android,0,39,0
72151,2015-05-08 08:60:22,ads-google,web,windows,0,39,0
178454,2015-05-13 16:60:18,seo_facebook,web,windows,0,39,0
153888,2015-04-10 11:60:50,ads_facebook,web,mac,0,39,0
998305,2015-04-18 13:60:21,ads_other,mobile,android,1,59,0
441928,2015-05-15 08:60:15,ads-yahoo,mobile,android,1,59,0
41437,2015-04-29 22:60:54,ads-google,mobile,android,1,59,0
373497,2015-03-14 10:60:15,ads_other,mobile,iOS,0,39,0
665351,2015-05-29 11:60:23,ads-google,mobile,iOS,0,39,0
590233,2015-03-15 22:60:55,direct_traffic,web,windows,0,39,0
613023,2015-05-09 07:60:45,ads-google,web,windows,1,59,0
429302,2015-03-13 15:60:21,friend_referral,mobile,android,0,39,0
608852,2015-05-17 15:60:46,ads-google,mobile,android,1,59,0
953558,2015-04-26 12:60:02,ads-google,web,windows,0,39,0
493792,2015-05-18 10:60:02,seo-google,mobile,android,0,39,0
953167,2015-03-06 01:60:18,direct_traffic,mobile,android,0,39,0
455762,2015-03-31 11:60:39,seo_facebook,web,windows,0,39,0
206418,2015-04-04 06:60:23,ads-google,mobile,android,1,59,0
708184,2015-03-31 11:60:39,seo_facebook,web,windows,0,39,0
888496,2015-05-15 18:60:27,seo-google,web,windows,0,39,0
415247,2015-04-10 11:60:39,ads-bing,mobile,iOS,0,39,0
40134,2015-04-10 10:60:17,friend_referral,web,linux,1,59,0
476330,2015-05-07 12:60:26,friend_referral,mobile,iOS,0,39,0
995236,2015-04-25 11:60:17,ads_facebook,mobile,iOS,0,39,0
942357,2015-05-29 12:60:59,ads_other,web,windows,0,39,0
830591,2015-03-31 12:60:50,ads-bing,mobile,android,0,39,0
365823,2015-05-15 18:60:27,seo-google,web,windows,0,39,0
278058,2015-03-29 17:60:39,ads_other,web,windows,0,39,0
292361,2015-05-03 13:60:25,friend_referral,web,windows,0,39,0
290778,2015-03-14 09:60:30,ads_facebook,mobile,iOS,0,39,0
270416,2015-04-10 02:60:55,ads-yahoo,web,windows,0,39,0
50154,2015-03-27 12:60:59,ads-google,mobile,iOS,1,59,0
343620,2015-05-21 04:60:37,ads_facebook,web,windows,0,39,0
829705,2015-03-06 21:60:57,ads-bing,mobile,android,0,39,0
665503,2015-04-18 15:60:18,ads_facebook,mobile,iOS,0,39,0
924655,2015-03-07 12:60:06,ads-google,mobile,iOS,0,39,0
465300,2015-03-31 00:60:50,ads_other,mobile,other,0,39,0
244264,2015-05-29 09:60:21,direct_traffic,mobile,iOS,0,39,0
591877,2015-03-08 11:60:35,direct_traffic,web,windows,0,39,0
822632,2015-05-07 19:60:26,ads-bing,web,windows,0,39,0
339360,2015-03-21 18:60:37,ads-google,mobile,android,0,39,0
734879,2015-04-22 08:60:21,seo-google,mobile,iOS,1,59,0
963599,2015-05-25 13:60:23,ads-google,web,windows,1,59,0
425326,2015-04-05 14:60:15,ads-bing,web,linux,1,59,0
143503,2015-05-22 16:60:41,ads-google,web,windows,0,39,0
630246,2015-04-06 05:60:19,ads_facebook,web,mac,1,59,0
654864,2015-05-26 10:60:08,ads_facebook,web,windows,0,39,0
242916,2015-03-06 21:60:57,ads-bing,mobile,android,0,39,0
570398,2015-05-06 08:60:58,ads-bing,mobile,iOS,1,59,0
22431,2015-04-10 14:60:09,seo-other,web,windows,0,39,0
560989,2015-04-12 11:60:05,ads-google,mobile,android,0,39,0
927589,2015-05-09 01:60:13,seo-other,mobile,iOS,1,59,0
182308,2015-03-20 17:60:05,direct_traffic,mobile,android,0,39,0
965658,2015-05-10 23:60:11,ads-google,mobile,iOS,0,39,0
300717,2015-05-23 17:60:38,ads_facebook,mobile,android,1,59,0
838111,2015-03-27 19:60:49,direct_traffic,web,windows,1,59,0
471546,2015-04-17 15:60:25,direct_traffic,mobile,iOS,0,39,0
703810,2015-05-09 12:60:42,ads-yahoo,mobile,iOS,0,39,0
954543,2015-03-29 19:60:26,ads_facebook,mobile,other,1,59,0
587284,2015-04-03 20:60:59,ads_other,web,windows,1,59,0
628949,2015-04-10 06:60:46,ads-google,web,windows,0,39,0
919290,2015-05-15 14:60:54,direct_traffic,mobile,iOS,0,39,0
212849,2015-03-08 11:60:38,seo-google,web,linux,0,39,0
115168,2015-04-24 11:60:02,direct_traffic,mobile,iOS,0,39,0
392879,2015-05-21 16:60:34,seo-google,mobile,iOS,1,59,0
248328,2015-05-24 09:60:21,ads-bing,web,windows,0,39,0
685009,2015-04-17 12:60:26,direct_traffic,mobile,android,0,39,0
989794,2015-04-10 12:60:12,ads_facebook,mobile,iOS,0,39,0
744108,2015-04-19 07:60:60,ads-google,mobile,iOS,0,39,0
413004,2015-03-13 13:60:23,ads-google,mobile,iOS,0,39,0
364727,2015-05-29 03:60:13,ads_other,web,windows,0,39,0
568956,2015-04-03 09:60:53,direct_traffic,mobile,android,1,59,0
873213,2015-03-13 12:60:33,ads-bing,mobile,android,0,39,0
197589,2015-03-28 23:60:39,seo-bing,web,windows,0,39,0
746601,2015-03-07 11:60:38,ads-google,mobile,iOS,0,39,0
368683,2015-05-19 13:60:04,ads_facebook,mobile,other,1,59,0
639268,2015-05-05 13:60:45,ads-bing,mobile,other,0,39,0
54823,2015-05-23 10:60:56,seo_facebook,mobile,android,1,59,0
748950,2015-03-03 15:60:39,seo_facebook,web,windows,0,39,0
296890,2015-05-10 14:60:51,ads_facebook,mobile,android,0,39,0
848204,2015-03-09 13:60:55,seo-yahoo,web,windows,0,39,0
318625,2015-03-14 11:60:17,friend_referral,web,windows,0,39,0
603340,2015-05-16 14:60:03,direct_traffic,mobile,iOS,1,59,0
829300,2015-05-08 12:60:43,ads-google,mobile,iOS,0,39,0
685258,2015-04-18 11:60:27,direct_traffic,web,windows,1,59,0
994353,2015-05-24 21:60:27,direct_traffic,mobile,android,0,39,0
243044,2015-04-18 13:60:04,friend_referral,mobile,android,0,39,0
199615,2015-04-05 14:60:15,ads-bing,web,linux,1,59,0
639423,2015-04-03 14:60:36,ads_facebook,mobile,iOS,0,39,0
181030,2015-03-20 23:60:42,ads-bing,mobile,iOS,1,59,0
780997,2015-05-08 08:60:22,ads-google,web,windows,0,39,0
435512,2015-04-09 10:60:09,ads-google,web,windows,1,59,0
732812,2015-05-17 12:60:33,seo_facebook,mobile,android,0,39,0
459395,2015-03-22 11:60:27,ads_other,web,windows,1,59,0
188079,2015-05-08 09:60:56,direct_traffic,web,linux,0,39,0
9607,2015-05-13 16:60:43,direct_traffic,mobile,android,1,59,0
887293,2015-04-11 14:60:30,friend_referral,mobile,android,0,39,0
933536,2015-04-25 18:60:33,ads_other,mobile,android,0,39,0
85677,2015-05-23 08:60:37,friend_referral,mobile,iOS,0,39,0
305959,2015-03-13 17:60:59,seo_facebook,mobile,android,0,39,0
476636,2015-04-17 12:60:07,ads_facebook,mobile,iOS,1,59,0
174539,2015-05-02 00:60:18,ads_facebook,mobile,iOS,0,39,0
366951,2015-04-25 12:60:52,seo-google,mobile,android,1,59,0
980618,2015-03-16 11:60:36,ads-google,mobile,iOS,1,59,0
230431,2015-05-01 04:60:52,ads_facebook,mobile,android,1,59,0
469782,2015-04-19 09:60:20,direct_traffic,mobile,android,0,39,0
98974,2015-03-06 04:60:34,seo-other,web,mac,0,39,0
165489,2015-05-16 17:60:02,ads_facebook,mobile,iOS,1,59,0
720177,2015-05-29 17:60:44,ads-google,web,mac,0,39,0
944735,2015-03-22 14:60:35,direct_traffic,web,windows,1,59,0
401737,2015-05-04 13:60:23,seo_facebook,mobile,android,0,39,0
315029,2015-03-29 16:60:14,ads-google,web,linux,0,39,0
624427,2015-05-08 13:60:02,ads_facebook,web,windows,0,39,0
373019,2015-05-30 12:60:13,direct_traffic,web,windows,0,39,0
454683,2015-05-02 11:60:03,ads-bing,mobile,android,1,59,0
141108,2015-03-12 10:60:19,ads-google,web,windows,1,59,0
859084,2015-03-05 01:60:20,ads-google,mobile,iOS,0,39,0
705919,2015-05-08 09:60:56,direct_traffic,web,linux,0,39,0
984985,2015-03-17 12:60:09,direct_traffic,web,mac,0,39,0
552370,2015-03-05 06:60:33,ads_other,mobile,android,0,39,0
719740,2015-03-07 14:60:01,direct_traffic,mobile,iOS,0,39,0
743778,2015-03-05 12:60:04,ads-google,web,windows,1,59,0
187654,2015-03-24 16:60:06,ads_facebook,mobile,iOS,1,59,0
887236,2015-03-29 17:60:37,seo-google,web,windows,1,59,0
401917,2015-03-28 14:60:25,seo-yahoo,web,windows,0,39,0
243287,2015-03-08 18:60:14,ads-google,mobile,android,0,39,0
869055,2015-04-29 16:60:49,ads-bing,mobile,iOS,0,39,0
584744,2015-03-21 12:60:60,friend_referral,web,windows,1,59,0
395133,2015-05-21 14:60:02,seo-google,mobile,iOS,0,39,0
29121,2015-04-04 09:60:59,seo_facebook,web,windows,0,39,0
601343,2015-03-27 10:60:55,ads_other,mobile,other,0,39,0
342459,2015-03-14 08:60:21,ads-google,web,windows,0,39,0
941367,2015-05-25 16:60:16,seo_facebook,mobile,iOS,0,39,0
374737,2015-05-17 15:60:02,direct_traffic,mobile,android,0,39,0
260256,2015-05-31 00:60:03,seo_facebook,mobile,android,0,39,0
871143,2015-03-22 18:60:16,direct_traffic,web,mac,1,59,0
348065,2015-05-14 16:60:41,friend_referral,web,windows,1,59,0
907513,2015-03-27 01:60:31,friend_referral,mobile,iOS,1,59,0
18509,2015-04-22 14:60:50,friend_referral,mobile,iOS,0,39,0
443972,2015-04-25 05:60:58,ads-google,mobile,android,1,59,0
174573,2015-05-22 13:60:10,seo-other,web,windows,0,39,0
232014,2015-03-13 11:60:29,seo-other,mobile,iOS,1,59,0
895711,2015-04-13 18:60:48,seo_facebook,mobile,android,0,39,0
360629,2015-03-05 06:60:33,ads_other,mobile,android,0,39,0
744073,2015-05-22 11:60:39,direct_traffic,mobile,iOS,1,59,0
555079,2015-03-05 02:60:58,direct_traffic,mobile,iOS,0,39,0
682464,2015-04-03 18:60:53,ads_other,web,windows,0,39,0
237435,2015-04-12 18:60:20,friend_referral,mobile,iOS,0,39,0
976019,2015-03-13 23:60:44,ads-bing,web,windows,1,59,0
496594,2015-03-19 18:60:50,ads-google,mobile,iOS,0,39,0
598432,2015-05-15 13:60:53,ads_facebook,web,windows,1,59,0
495296,2015-04-26 00:60:42,ads-google,web,mac,1,59,0
196620,2015-05-30 08:60:47,direct_traffic,web,mac,0,39,0
930428,2015-05-10 01:60:31,seo_facebook,web,windows,0,39,0
620600,2015-04-17 17:60:43,seo-other,mobile,android,0,39,0
332260,2015-04-24 10:60:40,ads-google,web,windows,0,39,0
752515,2015-05-21 09:60:22,ads_other,mobile,iOS,1,59,0
547507,2015-04-10 11:60:51,ads-bing,mobile,other,0,39,0
514014,2015-03-29 10:60:59,ads_other,mobile,iOS,1,59,0
10489,2015-04-30 11:60:48,seo-google,web,windows,1,59,0
68618,2015-05-30 10:60:06,seo_facebook,mobile,android,0,39,0
515634,2015-04-18 06:60:19,ads_facebook,web,mac,0,39,0
342931,2015-05-05 07:60:16,ads-yahoo,web,mac,0,39,0
37965,2015-04-19 04:60:03,ads_facebook,mobile,android,0,39,0
558005,2015-04-24 15:60:06,direct_traffic,mobile,android,0,39,0
602871,2015-05-30 12:60:11,ads-google,web,windows,0,39,0
456977,2015-05-15 18:60:41,ads-google,mobile,other,0,39,0
936442,2015-04-10 20:60:54,friend_referral,web,windows,0,39,0
97275,2015-05-29 12:60:01,friend_referral,web,windows,0,39,0
62681,2015-04-07 15:60:36,ads_facebook,mobile,iOS,0,39,0
755194,2015-05-30 12:60:03,ads_other,web,mac,0,39,0
220706,2015-05-11 16:60:22,ads-bing,mobile,iOS,0,39,0
621492,2015-04-05 12:60:39,ads_facebook,mobile,iOS,0,39,0
712821,2015-04-03 12:60:23,direct_traffic,mobile,iOS,0,39,0
402722,2015-03-20 12:60:52,direct_traffic,mobile,other,0,39,0
901503,2015-05-05 06:60:52,direct_traffic,mobile,iOS,0,39,0
385278,2015-04-06 08:60:57,seo_facebook,mobile,iOS,1,59,0
401883,2015-05-29 16:60:26,friend_referral,mobile,iOS,0,39,0
137817,2015-03-07 07:60:19,ads-google,mobile,android,1,59,0
755777,2015-05-14 12:60:46,direct_traffic,mobile,iOS,0,39,0
314941,2015-05-10 13:60:25,ads-bing,mobile,iOS,0,39,0
512668,2015-05-22 11:60:41,direct_traffic,mobile,android,0,39,0
874339,2015-03-24 11:60:19,direct_traffic,mobile,android,0,39,0
13417,2015-04-25 10:60:39,seo_facebook,mobile,android,0,39,0
746881,2015-03-22 04:60:51,seo-google,mobile,android,1,59,0
11983,2015-05-01 20:60:15,friend_referral,web,windows,1,59,0
560984,2015-05-24 10:60:34,ads_other,mobile,iOS,1,59,1
713637,2015-04-10 15:60:43,ads-google,mobile,iOS,0,39,0
494094,2015-04-11 09:60:31,seo-google,mobile,android,0,39,0
793810,2015-05-08 07:60:45,direct_traffic,mobile,other,0,39,0
312100,2015-03-24 08:60:26,ads-google,mobile,iOS,0,39,0
595349,2015-03-14 12:60:02,direct_traffic,web,windows,0,39,0
618749,2015-03-13 11:60:15,ads-google,web,windows,1,59,0
193527,2015-04-07 13:60:03,seo_facebook,web,windows,1,59,0
781312,2015-05-15 15:60:60,ads-google,mobile,android,0,39,0
92506,2015-05-16 10:60:20,ads-google,mobile,iOS,0,39,0
760540,2015-05-17 15:60:16,seo_facebook,mobile,android,0,39,0
312941,2015-05-09 18:60:05,ads_facebook,web,windows,0,39,0
935850,2015-05-23 17:60:10,ads-yahoo,web,windows,0,39,0
596367,2015-05-02 17:60:14,ads-google,web,mac,0,39,0
342400,2015-05-23 09:60:32,ads_facebook,web,mac,0,39,0
215844,2015-05-30 13:60:13,direct_traffic,mobile,iOS,1,59,0
649669,2015-05-01 21:60:54,seo-google,web,mac,0,39,0
443387,2015-03-27 14:60:50,seo-bing,mobile,iOS,1,59,0
287704,2015-04-14 12:60:47,ads_facebook,mobile,android,0,39,0
124639,2015-03-23 02:60:39,direct_traffic,mobile,iOS,0,39,0
78008,2015-03-08 15:60:54,ads-google,mobile,android,1,59,0
977593,2015-03-05 11:60:02,seo-google,web,windows,1,59,0
533221,2015-04-05 20:60:32,direct_traffic,mobile,iOS,0,39,0
577475,2015-04-23 17:60:24,ads-google,mobile,android,0,39,0
438830,2015-03-13 15:60:16,ads-google,mobile,iOS,0,39,0
102108,2015-05-10 14:60:51,ads_facebook,mobile,android,0,39,0
848726,2015-05-09 10:60:41,ads-yahoo,mobile,iOS,1,59,0
367467,2015-05-14 12:60:12,seo-google,mobile,iOS,1,59,0
145755,2015-03-08 18:60:23,ads_other,mobile,android,0,39,0
456196,2015-04-30 09:60:39,seo-google,mobile,iOS,1,59,0
770532,2015-05-22 09:60:36,seo-google,web,linux,0,39,0
369731,2015-05-16 17:60:40,ads_other,mobile,android,1,59,0
151285,2015-04-03 12:60:44,seo-other,mobile,other,0,39,0
454646,2015-05-11 21:60:26,ads_facebook,mobile,iOS,0,39,0
89716,2015-05-01 21:60:54,seo-google,web,mac,0,39,0
237956,2015-05-29 12:60:01,direct_traffic,mobile,iOS,0,39,0
411290,2015-03-28 18:60:33,ads-bing,mobile,android,0,39,0
20799,2015-04-12 12:60:27,ads_facebook,mobile,android,1,59,0
307778,2015-05-05 12:60:34,ads_facebook,web,windows,1,59,0
75930,2015-03-07 16:60:55,ads-google,mobile,iOS,0,39,0
340053,2015-05-21 09:60:22,ads_other,mobile,iOS,1,59,0
772186,2015-04-21 12:60:47,ads_facebook,mobile,other,1,59,0
124480,2015-05-01 11:60:32,ads-google,mobile,android,1,59,0
603973,2015-03-08 07:60:23,ads_facebook,web,windows,1,59,0
236117,2015-03-14 08:60:54,ads-google,web,windows,0,39,0
915208,2015-05-01 10:60:53,seo-google,mobile,android,0,39,0
579026,2015-03-15 17:60:01,seo-other,web,windows,0,39,0
751927,2015-05-02 03:60:59,ads_other,mobile,android,0,39,0
607246,2015-05-08 13:60:10,ads-google,mobile,iOS,0,39,0
694332,2015-04-23 15:60:54,direct_traffic,mobile,android,0,39,0
359453,2015-04-24 08:60:17,seo_facebook,web,windows,1,59,0
969430,2015-04-24 15:60:22,direct_traffic,mobile,android,0,39,0
452076,2015-03-07 12:60:11,ads_other,mobile,iOS,1,59,0
852909,2015-03-24 12:60:04,ads_facebook,mobile,android,0,39,0
290488,2015-03-14 07:60:07,direct_traffic,mobile,iOS,0,39,0
213719,2015-04-03 11:60:08,ads_other,web,windows,0,39,0
849058,2015-05-30 15:60:21,seo-yahoo,mobile,android,1,59,0
195462,2015-04-05 04:60:33,friend_referral,web,windows,0,39,0
856152,2015-03-27 16:60:18,ads-google,web,windows,1,59,0
208084,2015-04-30 15:60:60,seo_facebook,mobile,android,0,39,0
237145,2015-05-16 05:60:40,ads-bing,mobile,android,1,59,0
22212,2015-04-19 18:60:49,ads-google,mobile,iOS,1,59,1
826784,2015-03-17 12:60:09,direct_traffic,web,mac,0,39,0
776917,2015-04-17 15:60:05,direct_traffic,mobile,iOS,0,39,0
608237,2015-04-21 12:60:34,seo-google,mobile,iOS,0,39,0
239418,2015-03-16 23:60:26,friend_referral,web,windows,0,39,0
874263,2015-05-22 20:60:29,ads-google,mobile,android,1,59,0
3902,2015-04-17 21:60:13,direct_traffic,mobile,iOS,0,39,0
521354,2015-05-31 08:60:39,ads-bing,web,windows,0,39,0
304777,2015-04-30 14:60:11,ads-google,web,windows,1,59,0
600524,2015-05-09 01:60:13,seo-other,mobile,iOS,1,59,0
542866,2015-05-31 02:60:20,seo_facebook,mobile,android,0,39,0
203679,2015-04-24 11:60:14,ads_facebook,mobile,android,1,59,0
41212,2015-03-28 20:60:35,ads-google,web,mac,0,39,0
36332,2015-04-19 15:60:35,ads_facebook,mobile,iOS,1,59,0
405379,2015-03-07 12:60:55,ads_other,mobile,iOS,0,39,0
601318,2015-03-22 04:60:51,seo-google,mobile,android,1,59,0
505513,2015-05-11 10:60:06,ads-bing,mobile,other,0,39,0
285195,2015-03-06 11:60:24,seo-google,web,windows,0,39,0
616151,2015-04-28 13:60:40,ads_other,mobile,iOS,0,39,0
291416,2015-05-05 12:60:34,ads_facebook,web,windows,1,59,0
501156,2015-03-07 07:60:19,ads-google,mobile,android,1,59,0
331328,2015-05-03 12:60:44,ads-google,web,windows,1,59,0
587522,2015-05-22 21:60:58,seo-google,mobile,android,1,59,0
145317,2015-03-05 10:60:50,ads_facebook,mobile,android,1,59,0
363218,2015-04-20 11:60:27,ads_facebook,mobile,iOS,0,39,0
362302,2015-04-19 12:60:51,direct_traffic,mobile,android,0,39,0
138982,2015-04-17 10:60:55,ads_facebook,mobile,iOS,0,39,0
828627,2015-04-07 13:60:03,seo_facebook,web,windows,1,59,0
967263,2015-03-21 09:60:28,direct_traffic,web,windows,0,39,0
608948,2015-05-28 17:60:37,direct_traffic,mobile,iOS,1,59,0
188352,2015-03-07 12:60:17,seo-google,mobile,android,0,39,0
902741,2015-03-20 10:60:48,ads-bing,mobile,iOS,1,59,0
166449,2015-05-01 01:60:25,friend_referral,web,windows,1,59,0
794762,2015-03-21 11:60:25,direct_traffic,mobile,iOS,0,39,0
774218,2015-03-20 05:60:04,ads-google,mobile,iOS,1,59,0
944968,2015-04-05 08:60:06,direct_traffic,web,windows,1,59,0
887847,2015-05-13 11:60:02,seo-google,mobile,iOS,1,59,0
959355,2015-04-02 18:60:35,ads-google,web,windows,0,39,0
296068,2015-05-29 00:60:26,ads-google,mobile,iOS,1,59,0
872207,2015-04-23 15:60:02,seo-google,web,windows,0,39,0
442473,2015-04-03 17:60:07,friend_referral,web,windows,1,59,0
733345,2015-04-25 07:60:60,ads-google,mobile,android,0,39,0
626870,2015-05-02 23:60:30,ads_facebook,mobile,other,0,39,0
647177,2015-05-17 15:60:50,ads-yahoo,mobile,iOS,0,39,0
645922,2015-04-24 10:60:40,ads-google,web,windows,0,39,0
575533,2015-03-07 10:60:48,direct_traffic,web,mac,1,59,0
602954,2015-03-16 11:60:36,ads-google,mobile,iOS,1,59,0
97195,2015-05-29 10:60:40,seo-other,mobile,iOS,0,39,0
461708,2015-04-04 09:60:52,ads_facebook,mobile,android,0,39,0
117214,2015-05-27 03:60:46,direct_traffic,mobile,android,1,59,0
651512,2015-04-05 14:60:15,ads-bing,web,linux,1,59,0
14473,2015-04-19 16:60:56,seo-bing,mobile,iOS,0,39,0
526635,2015-04-25 14:60:19,ads-google,mobile,iOS,0,39,0
554761,2015-05-22 10:60:24,friend_referral,web,windows,0,39,0
786891,2015-05-08 20:60:47,ads_facebook,mobile,iOS,0,39,0
910526,2015-05-28 17:60:60,ads-google,web,windows,1,59,0
772483,2015-05-21 10:60:45,ads-google,mobile,iOS,0,39,0
470619,2015-04-17 11:60:14,seo-google,mobile,other,0,39,0
488958,2015-03-13 00:60:36,seo-other,mobile,android,0,39,0
471081,2015-05-01 09:60:40,ads_other,web,windows,1,59,0
586539,2015-05-17 17:60:59,ads_facebook,mobile,iOS,0,39,0
63005,2015-05-15 18:60:41,ads-google,mobile,other,0,39,0
407991,2015-05-07 11:60:32,ads_facebook,web,windows,0,39,0
758659,2015-05-22 12:60:14,ads_facebook,mobile,other,0,39,0
929802,2015-04-25 10:60:41,seo_facebook,web,windows,1,59,0
499932,2015-05-02 03:60:52,ads_facebook,web,windows,1,59,0
910790,2015-04-24 11:60:01,ads-google,mobile,other,1,59,0
573949,2015-05-16 06:60:54,ads_facebook,web,mac,1,59,0
768402,2015-03-21 03:60:29,seo-google,mobile,android,0,39,0
464168,2015-05-22 10:60:32,friend_referral,mobile,android,0,39,0
355169,2015-03-14 07:60:07,direct_traffic,mobile,iOS,0,39,0
467484,2015-03-27 09:60:38,ads-google,web,windows,1,59,0
325628,2015-05-29 09:60:05,friend_referral,web,mac,0,39,0
943640,2015-05-29 10:60:11,ads-google,mobile,other,1,59,0
317790,2015-05-04 18:60:44,ads-google,mobile,other,1,59,0
304515,2015-05-25 16:60:16,seo_facebook,mobile,iOS,0,39,0
135457,2015-05-22 12:60:35,direct_traffic,web,windows,0,39,0
288850,2015-03-07 11:60:58,seo-google,mobile,android,0,39,0
605226,2015-05-20 09:60:20,seo_facebook,web,windows,0,39,0
623250,2015-05-02 14:60:31,ads-yahoo,web,windows,0,39,0
223245,2015-05-05 16:60:28,friend_referral,mobile,android,1,59,0
894087,2015-04-24 17:60:38,direct_traffic,mobile,android,0,39,0
725431,2015-04-25 10:60:39,seo_facebook,mobile,android,0,39,0
947305,2015-05-03 18:60:31,direct_traffic,mobile,android,0,39,0
826738,2015-03-20 10:60:40,friend_referral,mobile,android,0,39,0
210175,2015-03-15 03:60:43,direct_traffic,mobile,iOS,0,39,0
170560,2015-04-06 05:60:19,ads_facebook,web,mac,1,59,0
270898,2015-04-08 12:60:01,direct_traffic,web,mac,1,59,0
730553,2015-03-26 07:60:58,seo-google,mobile,android,0,39,0
797593,2015-04-14 22:60:32,ads_facebook,mobile,android,0,39,0
339516,2015-05-02 14:60:41,ads_facebook,mobile,iOS,1,59,0
981493,2015-04-24 12:60:01,direct_traffic,mobile,iOS,0,39,0
643266,2015-04-09 08:60:55,seo-yahoo,web,windows,0,39,0
820312,2015-04-01 13:60:41,ads_other,mobile,android,0,39,0
245394,2015-03-21 19:60:08,friend_referral,mobile,iOS,0,39,0
117697,2015-05-31 01:60:26,seo_facebook,web,windows,0,39,0
755051,2015-04-22 09:60:37,ads-google,web,windows,1,59,0
588777,2015-04-08 12:60:50,ads-google,mobile,android,0,39,0
253647,2015-05-24 10:60:40,seo-google,web,windows,1,59,0
250976,2015-03-20 12:60:52,direct_traffic,mobile,other,0,39,0
451843,2015-03-13 11:60:15,ads-google,web,windows,1,59,0
488418,2015-05-02 03:60:52,ads_facebook,web,windows,1,59,0
664741,2015-05-09 16:60:10,seo-bing,mobile,iOS,0,39,0
257678,2015-04-17 13:60:40,ads_other,web,mac,1,59,0
521042,2015-05-24 10:60:40,seo-google,web,windows,1,59,0
381904,2015-04-17 01:60:15,ads-google,web,windows,1,59,0
452231,2015-05-28 14:60:28,ads-google,mobile,iOS,0,39,0
780085,2015-05-15 11:60:13,ads-google,mobile,android,0,39,0
205970,2015-03-20 10:60:36,ads-google,web,windows,0,39,0
316620,2015-03-13 11:60:15,ads-google,web,windows,1,59,0
9147,2015-05-02 08:60:29,ads-bing,web,windows,0,39,0
751591,2015-03-09 09:60:34,ads_facebook,mobile,iOS,1,59,0
344381,2015-03-28 13:60:44,ads_other,web,windows,0,39,0
638840,2015-03-21 02:60:11,friend_referral,web,windows,0,39,0
416977,2015-03-13 18:60:37,ads_facebook,mobile,iOS,1,59,0
950597,2015-05-09 12:60:35,ads_other,mobile,android,0,39,0
465985,2015-03-30 07:60:35,direct_traffic,web,windows,0,39,0
872550,2015-05-22 10:60:55,seo-google,mobile,android,0,39,0
399303,2015-03-12 13:60:55,direct_traffic,mobile,android,0,39,0
430196,2015-03-08 00:60:06,ads_other,web,windows,1,59,0
870439,2015-03-02 11:60:03,direct_traffic,web,mac,0,39,0
98755,2015-04-03 12:60:29,seo-google,mobile,android,0,39,0
761011,2015-04-09 14:60:41,ads-bing,mobile,android,0,39,0
555878,2015-05-26 23:60:46,seo_facebook,web,mac,0,39,0
786484,2015-05-16 08:60:26,ads_facebook,mobile,android,0,39,0
469919,2015-03-14 08:60:06,ads-google,mobile,android,0,39,0
735336,2015-03-22 09:60:35,ads_facebook,mobile,iOS,1,59,0
301288,2015-04-01 13:60:41,ads_other,mobile,android,0,39,0
974071,2015-03-21 14:60:28,ads-google,web,windows,0,39,0
115018,2015-04-10 04:60:02,ads_facebook,web,mac,0,39,0
947253,2015-03-26 09:60:02,ads_facebook,mobile,iOS,1,59,0
368796,2015-05-28 05:60:52,friend_referral,web,windows,0,39,0
520844,2015-04-05 11:60:35,ads_facebook,mobile,android,0,39,0
368575,2015-05-02 12:60:56,seo_facebook,mobile,android,0,39,0
313774,2015-05-20 23:60:55,ads_facebook,mobile,android,1,59,0
259109,2015-05-31 03:60:01,ads-google,mobile,iOS,0,39,0
434720,2015-05-08 12:60:27,ads-google,mobile,iOS,0,39,1
942197,2015-03-26 12:60:36,direct_traffic,mobile,iOS,0,39,0
895923,2015-03-20 05:60:02,seo_facebook,web,windows,1,59,0
64179,2015-03-14 01:60:20,ads_facebook,web,windows,0,39,0
82506,2015-03-09 11:60:49,ads-google,mobile,iOS,1,59,0
157953,2015-04-03 12:60:47,ads_other,web,windows,0,39,0
364666,2015-05-29 11:60:46,ads_facebook,web,mac,0,39,0
864919,2015-03-29 23:60:52,seo-yahoo,mobile,iOS,1,59,0
547034,2015-03-05 16:60:32,direct_traffic,web,windows,0,39,0
837192,2015-05-15 18:60:27,seo-google,web,windows,0,39,0
267879,2015-03-19 17:60:09,ads-google,web,windows,1,59,0
197736,2015-04-24 15:60:44,friend_referral,web,windows,1,59,0
630955,2015-03-21 13:60:38,seo-other,mobile,iOS,1,59,0
884894,2015-05-30 12:60:11,ads-google,web,windows,0,39,0
534969,2015-03-29 15:60:60,direct_traffic,web,windows,1,59,0
6760,2015-03-13 12:60:57,ads_facebook,web,windows,0,39,0
647020,2015-05-08 09:60:03,ads_facebook,mobile,iOS,1,59,0
468113,2015-03-30 02:60:50,ads-google,web,windows,0,39,0
260404,2015-03-20 15:60:27,direct_traffic,mobile,iOS,0,39,0
1206,2015-05-24 17:60:19,ads-bing,mobile,iOS,0,39,0
255436,2015-05-09 17:60:16,direct_traffic,mobile,android,0,39,0
855352,2015-03-17 12:60:09,direct_traffic,web,mac,0,39,0
658598,2015-03-11 12:60:55,direct_traffic,mobile,iOS,0,39,0
873638,2015-04-24 17:60:53,ads_other,web,mac,1,59,0
143352,2015-04-20 17:60:39,direct_traffic,web,mac,0,39,0
519504,2015-03-08 17:60:56,direct_traffic,web,windows,1,59,0
331230,2015-05-10 09:60:43,ads-google,web,windows,0,39,0
966953,2015-03-07 12:60:26,ads_facebook,web,windows,0,39,0
14186,2015-04-22 09:60:44,seo-other,mobile,android,1,59,0
804421,2015-03-10 10:60:01,ads-google,mobile,iOS,1,59,0
62833,2015-04-05 10:60:26,ads-google,web,windows,0,39,0
116283,2015-05-28 12:60:58,ads_other,web,windows,0,39,0
136418,2015-03-20 15:60:13,seo-google,mobile,android,1,59,0
400061,2015-05-26 00:60:06,ads_facebook,web,windows,0,39,0
695969,2015-04-07 19:60:57,ads-google,web,windows,0,39,0
486041,2015-04-30 09:60:50,direct_traffic,mobile,iOS,0,39,0
371134,2015-03-20 19:60:44,ads-google,web,mac,0,39,0
74734,2015-03-22 14:60:43,ads-google,mobile,iOS,0,39,0
169056,2015-03-21 09:60:50,direct_traffic,mobile,android,0,39,0
851709,2015-05-15 09:60:19,ads_other,mobile,iOS,1,59,0
435822,2015-04-30 19:60:17,ads-google,mobile,other,0,39,0
8092,2015-04-03 12:60:33,ads_facebook,web,windows,1,59,0
254020,2015-05-14 14:60:13,ads-google,web,windows,0,39,0
32476,2015-04-26 23:60:31,ads_other,mobile,android,0,39,0
37729,2015-05-29 13:60:01,direct_traffic,web,mac,0,39,0
781854,2015-04-12 07:60:04,ads_facebook,mobile,other,0,39,0
682634,2015-05-02 01:60:37,ads_facebook,web,windows,0,39,0
472123,2015-04-03 12:60:48,ads-google,mobile,iOS,1,59,0
141928,2015-05-05 23:60:08,seo_facebook,web,windows,0,39,0
909435,2015-03-06 18:60:17,ads_other,web,windows,0,39,0
493696,2015-04-24 12:60:46,direct_traffic,mobile,android,0,39,0
144616,2015-04-28 19:60:50,seo-bing,web,windows,0,39,0
397146,2015-03-13 08:60:59,ads_other,mobile,iOS,0,39,1
420685,2015-04-24 12:60:01,friend_referral,mobile,iOS,0,39,0
963459,2015-03-08 15:60:55,ads-google,mobile,iOS,1,59,0
312913,2015-04-24 10:60:34,direct_traffic,mobile,iOS,1,59,0
622793,2015-04-11 15:60:12,ads_facebook,mobile,android,0,39,0
938005,2015-04-03 05:60:23,direct_traffic,mobile,android,0,39,0
571883,2015-05-31 08:60:12,ads-yahoo,mobile,android,1,59,0
305567,2015-03-28 18:60:23,ads-google,mobile,android,0,39,0
620493,2015-03-09 22:60:60,direct_traffic,web,mac,0,39,0
858814,2015-05-13 22:60:38,ads-google,mobile,iOS,0,39,0
330251,2015-05-30 07:60:36,ads_facebook,web,windows,0,39,0
731766,2015-04-22 10:60:26,ads_other,web,windows,0,39,0
308242,2015-05-01 15:60:28,direct_traffic,web,windows,1,59,0
562650,2015-05-29 11:60:41,ads-google,web,windows,0,39,0
195967,2015-03-09 10:60:54,ads-google,mobile,android,0,39,0
107370,2015-05-03 12:60:43,seo_facebook,mobile,android,0,39,0
366703,2015-05-09 04:60:40,direct_traffic,mobile,android,0,39,0
571816,2015-03-03 15:60:39,seo_facebook,web,windows,0,39,0
594252,2015-03-21 12:60:37,direct_traffic,web,windows,0,39,0
810611,2015-05-16 12:60:04,ads_other,web,windows,1,59,0
656429,2015-04-11 18:60:17,ads_facebook,web,windows,1,59,0
770512,2015-05-24 10:60:58,seo_facebook,web,windows,0,39,0
732566,2015-04-25 12:60:46,seo-yahoo,mobile,iOS,1,59,0
110492,2015-05-17 12:60:33,seo_facebook,mobile,android,0,39,0
268111,2015-04-20 12:60:20,ads-google,mobile,android,0,39,0
807743,2015-05-12 12:60:04,ads_other,mobile,android,0,39,0
14690,2015-04-17 11:60:14,seo-google,mobile,other,0,39,0
162703,2015-05-08 15:60:58,ads-yahoo,mobile,android,0,39,0
677674,2015-04-23 07:60:45,seo-bing,web,windows,0,39,0
646472,2015-03-26 11:60:13,ads-yahoo,mobile,android,0,39,0
878285,2015-05-22 10:60:48,ads-google,mobile,android,0,39,0
59026,2015-04-08 12:60:42,friend_referral,web,windows,1,59,0
375688,2015-03-07 11:60:38,ads-google,mobile,iOS,0,39,0
745639,2015-03-14 11:60:36,friend_referral,web,windows,1,59,0
443420,2015-03-02 12:60:35,ads-google,mobile,android,1,59,0
637591,2015-04-18 12:60:44,ads-yahoo,web,windows,1,59,0
640529,2015-03-06 17:60:16,seo-other,mobile,iOS,0,39,0
151504,2015-05-29 17:60:44,ads-google,web,mac,0,39,0
223913,2015-04-24 17:60:30,ads-yahoo,web,windows,1,59,0
6168,2015-05-01 22:60:56,direct_traffic,mobile,iOS,1,59,0
666616,2015-05-30 23:60:36,direct_traffic,mobile,iOS,1,59,0
670514,2015-03-15 04:60:29,ads_facebook,mobile,iOS,0,39,0
172929,2015-04-11 15:60:12,ads_facebook,mobile,android,0,39,0
599386,2015-04-03 10:60:28,seo_facebook,mobile,android,0,39,0
683526,2015-04-01 10:60:03,ads_facebook,mobile,iOS,1,59,0
694194,2015-05-09 17:60:53,ads-google,web,mac,0,39,0
73538,2015-03-20 08:60:43,ads-google,mobile,other,0,39,0
835787,2015-05-30 02:60:17,ads_facebook,web,windows,0,39,0
331090,2015-04-01 07:60:08,seo_facebook,mobile,iOS,1,59,0
735287,2015-05-09 11:60:57,ads-google,mobile,android,1,59,0
855291,2015-05-08 17:60:04,ads-google,mobile,android,0,39,0
272473,2015-05-26 08:60:25,ads_facebook,web,mac,0,39,0
678633,2015-04-19 12:60:58,direct_traffic,mobile,iOS,1,59,0
399461,2015-04-10 02:60:10,friend_referral,web,windows,0,39,0
907115,2015-05-22 12:60:11,ads-google,mobile,android,1,59,0
957276,2015-05-24 12:60:26,direct_traffic,web,windows,0,39,0
133464,2015-05-11 12:60:47,ads-google,mobile,other,0,39,0
51893,2015-05-23 10:60:56,seo_facebook,mobile,android,1,59,0
924874,2015-05-15 04:60:42,seo-other,web,windows,0,39,0
129447,2015-05-21 18:60:52,ads-google,mobile,iOS,0,39,0
899751,2015-04-25 10:60:39,seo_facebook,mobile,android,0,39,0
856928,2015-03-21 18:60:37,ads-google,mobile,android,0,39,0
436881,2015-03-08 12:60:16,ads-google,web,windows,1,59,0
719421,2015-04-18 01:60:42,ads-bing,mobile,iOS,0,39,0
501449,2015-05-28 11:60:05,direct_traffic,mobile,iOS,1,59,0
315468,2015-04-20 12:60:20,ads-google,mobile,android,0,39,0
416885,2015-03-07 14:60:44,friend_referral,web,linux,0,39,0
475794,2015-04-20 12:60:20,ads-google,mobile,android,0,39,0
600900,2015-05-30 12:60:13,direct_traffic,web,windows,0,39,0
935714,2015-05-22 12:60:39,ads_facebook,mobile,android,1,59,0
705670,2015-05-02 10:60:55,seo-other,web,windows,0,39,0
316249,2015-05-22 13:60:22,ads_facebook,mobile,iOS,0,39,0
191067,2015-03-19 22:60:30,friend_referral,mobile,iOS,1,59,0
881405,2015-03-20 05:60:49,ads_facebook,mobile,other,1,59,0
526655,2015-05-23 12:60:30,direct_traffic,mobile,iOS,0,39,0
162606,2015-04-12 18:60:20,friend_referral,mobile,iOS,0,39,0
822922,2015-05-10 14:60:51,direct_traffic,mobile,iOS,1,59,0
780471,2015-03-27 16:60:49,direct_traffic,mobile,android,0,39,1
37816,2015-03-07 11:60:57,ads_facebook,mobile,android,0,39,0
438691,2015-03-06 16:60:34,ads_facebook,web,windows,0,39,0
980848,2015-05-04 23:60:49,ads-yahoo,mobile,android,0,39,0
248550,2015-05-23 10:60:58,ads-google,mobile,other,0,39,0
818550,2015-04-21 12:60:34,seo-google,mobile,iOS,0,39,0
223544,2015-05-03 09:60:42,direct_traffic,mobile,android,1,59,0
291388,2015-03-07 16:60:37,direct_traffic,mobile,iOS,0,39,0
895920,2015-05-16 08:60:19,direct_traffic,web,windows,1,59,0
106665,2015-04-03 06:60:59,ads_other,mobile,iOS,1,59,0
762638,2015-04-09 11:60:23,ads_facebook,web,windows,1,59,0
743366,2015-03-17 14:60:28,direct_traffic,web,windows,0,39,0
761391,2015-03-11 15:60:28,ads_facebook,mobile,android,1,59,0
640957,2015-05-31 07:60:29,seo-bing,web,windows,0,39,1
232174,2015-05-15 06:60:24,ads-bing,mobile,android,1,59,0
890584,2015-05-01 12:60:05,ads-google,mobile,android,1,59,0
854260,2015-03-09 11:60:49,ads-google,mobile,iOS,1,59,0
247099,2015-03-14 08:60:21,ads-google,web,windows,0,39,0
621464,2015-03-06 06:60:35,ads_facebook,web,windows,1,59,0
150647,2015-05-01 10:60:09,direct_traffic,mobile,android,1,59,0
261546,2015-03-13 15:60:20,friend_referral,web,windows,1,59,0
385797,2015-03-27 10:60:14,direct_traffic,mobile,iOS,0,39,0
319289,2015-05-23 06:60:10,direct_traffic,mobile,iOS,0,39,0
611086,2015-05-05 23:60:08,seo_facebook,web,windows,0,39,0
829981,2015-04-11 15:60:04,ads_facebook,mobile,iOS,0,39,0
973695,2015-05-20 04:60:32,ads-bing,mobile,android,0,39,1
472318,2015-04-25 23:60:41,ads-google,web,windows,0,39,0
14737,2015-03-27 23:60:08,ads-google,mobile,android,1,59,0
94538,2015-05-23 07:60:60,direct_traffic,mobile,iOS,0,39,0
994580,2015-04-18 10:60:40,direct_traffic,web,windows,0,39,0
6939,2015-03-21 03:60:29,seo-google,mobile,android,0,39,0
922330,2015-03-28 17:60:46,ads-google,mobile,iOS,0,39,0
449523,2015-03-13 11:60:04,ads_facebook,web,windows,1,59,0
586191,2015-04-28 10:60:58,ads-google,web,windows,0,39,0
678743,2015-03-14 16:60:09,direct_traffic,web,windows,0,39,0
156408,2015-03-27 22:60:19,ads_other,mobile,iOS,0,39,0
955055,2015-05-08 14:60:58,seo_facebook,web,windows,0,39,0
550760,2015-05-14 08:60:29,ads-google,mobile,iOS,0,39,0
114175,2015-05-23 10:60:01,seo_facebook,mobile,iOS,0,39,0
918355,2015-04-18 11:60:24,seo-other,mobile,iOS,1,59,0
431492,2015-04-25 20:60:30,seo-google,mobile,iOS,0,39,0
160515,2015-04-12 11:60:53,ads-google,web,mac,0,39,0
874243,2015-04-26 00:60:60,seo-google,mobile,android,1,59,0
392111,2015-03-28 13:60:36,seo_facebook,mobile,android,1,59,0
699943,2015-04-30 12:60:23,ads_other,mobile,iOS,0,39,0
266551,2015-04-01 18:60:38,friend_referral,mobile,iOS,1,59,1
743401,2015-05-29 02:60:33,ads_facebook,mobile,android,0,39,0
266628,2015-05-16 08:60:10,ads_other,web,windows,0,39,0
304135,2015-04-27 14:60:43,ads-google,web,windows,0,39,1
948443,2015-03-14 19:60:60,ads-google,mobile,android,0,39,0
984539,2015-04-17 12:60:01,seo-google,web,windows,0,39,0
751471,2015-04-09 11:60:34,ads_facebook,mobile,other,0,39,0
285063,2015-04-26 16:60:24,ads-google,mobile,iOS,0,39,0
999089,2015-03-20 19:60:44,ads-google,web,mac,0,39,0
854646,2015-05-17 10:60:46,friend_referral,mobile,iOS,0,39,0
700161,2015-04-11 14:60:40,ads-google,mobile,android,1,59,0
784944,2015-04-09 00:60:27,ads-yahoo,mobile,android,0,39,0
915196,2015-03-27 05:60:59,ads_facebook,mobile,iOS,0,39,0
822097,2015-05-30 10:60:06,seo_facebook,mobile,android,0,39,0
646085,2015-04-21 20:60:36,ads-google,mobile,android,1,59,0
135497,2015-05-24 21:60:57,direct_traffic,mobile,iOS,1,59,0
560559,2015-05-17 18:60:39,direct_traffic,mobile,other,1,59,0
390250,2015-03-08 07:60:13,ads_facebook,web,windows,1,59,0
429632,2015-03-13 11:60:41,seo-other,mobile,android,1,59,0
675468,2015-05-15 08:60:35,ads_facebook,mobile,android,0,39,0
570370,2015-03-19 08:60:26,direct_traffic,mobile,iOS,0,39,0
896334,2015-05-15 12:60:08,seo_facebook,web,linux,0,39,0
184584,2015-04-19 04:60:03,ads_facebook,mobile,android,0,39,0
538941,2015-03-30 07:60:35,direct_traffic,web,windows,0,39,0
706856,2015-05-09 09:60:53,direct_traffic,mobile,iOS,1,59,0
104210,2015-04-06 12:60:24,direct_traffic,web,windows,0,39,0
575201,2015-05-14 23:60:09,ads_facebook,mobile,iOS,0,39,1
762469,2015-03-24 01:60:33,seo-google,web,windows,0,39,0
220183,2015-04-26 16:60:07,direct_traffic,web,windows,0,39,0
254019,2015-04-24 10:60:42,direct_traffic,web,linux,0,39,0
343916,2015-04-14 11:60:32,direct_traffic,web,mac,0,39,0
77173,2015-04-03 12:60:48,ads-google,mobile,iOS,1,59,0
796798,2015-05-17 12:60:40,seo-other,mobile,iOS,1,59,0
739281,2015-05-23 14:60:30,direct_traffic,web,windows,1,59,0
801147,2015-03-08 14:60:20,ads-bing,mobile,other,1,59,0
848679,2015-03-05 11:60:17,friend_referral,web,windows,0,39,0
17687,2015-03-11 07:60:58,seo-google,web,windows,0,39,0
546512,2015-03-15 12:60:40,ads-yahoo,mobile,android,0,39,0
309884,2015-05-29 11:60:53,seo-google,web,windows,1,59,0
501326,2015-04-18 11:60:24,seo-other,mobile,iOS,1,59,0
786179,2015-03-29 01:60:12,seo_facebook,web,windows,0,39,0
58352,2015-05-08 17:60:08,ads_facebook,web,windows,0,39,0
887444,2015-03-14 15:60:36,ads_facebook,web,mac,0,39,0
637483,2015-05-20 06:60:03,direct_traffic,mobile,android,1,59,0
741580,2015-03-07 08:60:34,ads_other,web,windows,0,39,0
172820,2015-05-16 09:60:54,ads_facebook,mobile,android,1,59,0
672510,2015-05-07 01:60:51,ads_facebook,mobile,android,0,39,0
872726,2015-03-29 13:60:05,ads-google,mobile,iOS,1,59,0
555151,2015-03-11 07:60:58,seo-google,web,windows,0,39,0
598252,2015-05-24 18:60:56,ads_other,mobile,iOS,0,39,0
380786,2015-05-01 16:60:40,ads_facebook,web,linux,0,39,0
942880,2015-03-22 18:60:58,friend_referral,mobile,other,0,39,0
573544,2015-04-24 03:60:07,direct_traffic,mobile,other,1,59,0
669824,2015-03-21 09:60:28,direct_traffic,web,windows,0,39,0
137395,2015-03-20 15:60:09,ads-google,mobile,iOS,0,39,0
959913,2015-05-13 12:60:37,direct_traffic,mobile,android,1,59,0
462624,2015-04-10 00:60:49,ads-google,mobile,iOS,0,39,0
823506,2015-04-18 09:60:40,ads_facebook,web,windows,0,39,0
754748,2015-03-13 23:60:10,direct_traffic,mobile,android,1,59,0
798272,2015-05-29 06:60:01,seo-other,mobile,android,0,39,0
832949,2015-04-05 16:60:03,direct_traffic,web,windows,0,39,0
804315,2015-05-09 18:60:54,ads_facebook,mobile,android,0,39,0
644532,2015-04-10 11:60:59,ads-bing,mobile,android,0,39,0
946123,2015-05-05 03:60:09,ads-google,mobile,iOS,0,39,0
673644,2015-05-23 19:60:55,ads_facebook,mobile,android,1,59,0
524564,2015-05-23 03:60:50,seo-google,web,mac,1,59,0
192359,2015-05-01 10:60:07,ads_other,web,windows,1,59,0
684372,2015-05-22 13:60:22,ads_facebook,mobile,iOS,0,39,0
33460,2015-05-10 05:60:49,ads_other,web,windows,0,39,0
591843,2015-05-15 13:60:53,ads_facebook,web,windows,1,59,0
527249,2015-05-02 14:60:44,ads-google,mobile,iOS,0,39,0
427345,2015-03-07 14:60:04,direct_traffic,mobile,android,0,39,0
330618,2015-05-02 14:60:41,ads_facebook,mobile,iOS,1,59,0
458682,2015-05-29 01:60:50,seo-google,mobile,android,0,39,0
802912,2015-05-09 07:60:33,ads_facebook,web,windows,1,59,0
843436,2015-03-29 00:60:53,ads_facebook,web,windows,0,39,0
584256,2015-04-08 19:60:32,direct_traffic,mobile,iOS,1,59,0
357780,2015-05-22 09:60:22,seo-other,mobile,android,0,39,0
825181,2015-05-18 03:60:11,ads_facebook,web,windows,0,39,0
991607,2015-04-10 23:60:03,direct_traffic,mobile,iOS,0,39,0
191950,2015-04-21 02:60:17,seo_facebook,mobile,iOS,1,59,0
340953,2015-03-20 17:60:56,ads_facebook,mobile,iOS,1,59,0
726380,2015-04-20 12:60:05,direct_traffic,web,windows,1,59,0
991462,2015-03-28 16:60:59,direct_traffic,web,windows,1,59,0
37366,2015-04-10 03:60:09,ads_other,web,windows,1,59,0
856421,2015-05-09 17:60:16,direct_traffic,mobile,android,0,39,0
989220,2015-04-23 13:60:24,ads_other,mobile,iOS,0,39,0
569420,2015-03-13 15:60:12,ads_facebook,mobile,other,1,59,0
572857,2015-04-30 13:60:20,ads-google,web,mac,0,39,0
91084,2015-05-06 12:60:14,direct_traffic,mobile,iOS,0,39,0
801329,2015-04-11 12:60:50,direct_traffic,web,windows,1,59,0
725114,2015-03-27 09:60:33,seo-google,mobile,iOS,0,39,0
255710,2015-05-22 12:60:21,seo_facebook,web,windows,0,39,0
617988,2015-03-27 09:60:33,seo-google,mobile,iOS,0,39,0
309758,2015-04-11 18:60:17,ads_facebook,web,windows,1,59,0
24666,2015-05-09 12:60:14,ads_other,mobile,android,1,59,0
278405,2015-03-16 11:60:36,ads-google,mobile,iOS,1,59,0
274528,2015-05-01 21:60:37,ads_other,mobile,iOS,0,39,0
714389,2015-05-18 10:60:26,ads-google,web,windows,0,39,0
720280,2015-04-17 14:60:16,ads-google,web,linux,0,39,0
598878,2015-03-22 11:60:46,ads_facebook,web,windows,0,39,0
344899,2015-04-25 14:60:19,ads-google,mobile,iOS,0,39,0
463131,2015-05-29 15:60:60,direct_traffic,mobile,android,0,39,0
998585,2015-04-01 00:60:02,seo_facebook,web,windows,0,39,0
586039,2015-04-26 16:60:24,ads-google,mobile,iOS,0,39,0
726537,2015-05-22 21:60:52,seo-google,mobile,android,0,39,0
660130,2015-03-29 19:60:09,ads_facebook,web,windows,0,39,0
327818,2015-03-13 11:60:26,ads_facebook,web,mac,1,59,0
904425,2015-04-18 08:60:53,friend_referral,web,windows,0,39,0
980296,2015-05-10 14:60:37,ads-bing,web,windows,0,39,0
884161,2015-05-09 12:60:14,ads_other,mobile,android,1,59,0
70293,2015-03-06 18:60:47,ads_other,web,windows,0,39,0
227672,2015-03-05 03:60:48,ads-yahoo,mobile,android,0,39,0
640086,2015-04-12 11:60:05,ads-google,mobile,android,0,39,0
108282,2015-03-19 12:60:20,friend_referral,mobile,iOS,1,59,0
371586,2015-04-25 12:60:55,seo-other,mobile,iOS,1,59,0
980476,2015-05-31 11:60:05,ads_facebook,mobile,other,0,39,0
32537,2015-04-05 12:60:05,ads_other,mobile,android,0,39,0
666080,2015-04-24 11:60:27,direct_traffic,mobile,android,1,59,0
750603,2015-04-24 10:60:59,ads-bing,mobile,android,0,39,0
254881,2015-03-29 19:60:28,ads_other,mobile,other,1,59,0
91129,2015-03-07 08:60:34,ads_other,web,windows,0,39,0
895444,2015-05-15 14:60:36,ads_facebook,web,windows,0,39,0
653782,2015-05-17 10:60:09,ads-yahoo,web,mac,0,39,0
705552,2015-05-18 11:60:47,ads_facebook,mobile,other,1,59,0
553063,2015-05-26 16:60:50,ads_facebook,mobile,android,1,59,0
119807,2015-05-09 16:60:27,ads-google,web,windows,0,39,0
704403,2015-04-26 15:60:16,seo_facebook,mobile,other,0,39,0
545427,2015-03-13 11:60:15,ads-google,web,windows,1,59,0
953685,2015-03-13 15:60:50,seo_facebook,web,windows,0,39,0
119003,2015-03-08 11:60:38,direct_traffic,mobile,iOS,1,59,0
245266,2015-05-21 10:60:47,direct_traffic,mobile,iOS,1,59,0
311045,2015-03-23 12:60:38,direct_traffic,web,mac,0,39,0
187315,2015-03-18 16:60:07,ads-yahoo,web,windows,1,59,0
79132,2015-04-26 19:60:32,direct_traffic,mobile,android,0,39,0
180939,2015-05-25 05:60:24,ads_facebook,mobile,iOS,1,59,0
469104,2015-05-15 12:60:04,ads-google,mobile,android,1,59,0
405719,2015-04-17 16:60:48,ads_facebook,web,windows,0,39,0
316503,2015-05-22 12:60:54,seo_facebook,web,windows,0,39,0
597056,2015-05-15 15:60:28,seo-yahoo,mobile,iOS,0,39,0
176383,2015-05-23 07:60:60,direct_traffic,mobile,iOS,0,39,0
47140,2015-05-16 07:60:51,ads-bing,web,mac,0,39,0
340693,2015-05-02 00:60:23,direct_traffic,mobile,android,1,59,0
301623,2015-03-13 01:60:48,ads-google,mobile,android,0,39,0
130221,2015-05-03 09:60:56,ads_facebook,mobile,iOS,0,39,0
69108,2015-03-21 20:60:30,direct_traffic,web,linux,0,39,0
975359,2015-04-18 09:60:51,ads-google,web,windows,1,59,0
543496,2015-04-13 18:60:11,ads_other,mobile,iOS,0,39,0
433821,2015-03-22 12:60:52,ads_other,mobile,android,0,39,0
928657,2015-05-12 12:60:04,ads_other,mobile,android,0,39,0
692705,2015-03-19 15:60:22,ads_other,mobile,iOS,1,59,0
408934,2015-05-12 17:60:49,friend_referral,mobile,android,0,39,0
628008,2015-05-16 17:60:40,ads_other,mobile,android,1,59,0
349660,2015-03-30 21:60:16,ads-bing,mobile,iOS,0,39,0
495799,2015-03-27 17:60:04,ads-google,mobile,android,1,59,0
827732,2015-05-01 18:60:36,ads_facebook,web,windows,1,59,0
672623,2015-03-26 22:60:56,direct_traffic,web,windows,1,59,0
881541,2015-05-23 22:60:12,friend_referral,mobile,other,0,39,0
324182,2015-03-26 16:60:34,ads_facebook,mobile,iOS,1,59,0
278492,2015-04-18 08:60:56,ads_facebook,mobile,other,1,59,0
145471,2015-05-30 16:60:15,direct_traffic,mobile,android,1,59,0
316339,2015-04-04 11:60:08,ads_other,mobile,android,0,39,0
625571,2015-05-30 22:60:26,friend_referral,mobile,iOS,0,39,0
484588,2015-04-23 18:60:14,seo_facebook,mobile,iOS,1,59,0
688418,2015-04-01 20:60:16,ads_other,web,windows,1,59,0
543711,2015-03-26 10:60:49,ads_facebook,mobile,android,0,39,0
489828,2015-04-17 22:60:55,ads-yahoo,mobile,iOS,0,39,0
630591,2015-03-21 00:60:24,ads-google,mobile,iOS,0,39,0
249113,2015-03-20 16:60:48,ads_facebook,web,windows,0,39,0
672095,2015-04-24 11:60:20,friend_referral,mobile,iOS,0,39,0
331106,2015-03-20 22:60:45,direct_traffic,mobile,iOS,0,39,0
933950,2015-04-07 19:60:57,ads-google,web,windows,0,39,0
772917,2015-04-04 05:60:43,direct_traffic,mobile,iOS,1,59,0
327789,2015-04-21 02:60:17,seo_facebook,mobile,iOS,1,59,0
827118,2015-05-28 14:60:28,ads-google,mobile,iOS,0,39,0
613705,2015-05-23 10:60:22,direct_traffic,web,windows,0,39,0
407322,2015-03-20 23:60:55,direct_traffic,mobile,android,1,59,0
354998,2015-05-01 04:60:52,ads_facebook,mobile,android,1,59,0
528528,2015-04-06 21:60:44,direct_traffic,mobile,android,1,59,0
614720,2015-05-14 13:60:25,ads-google,mobile,iOS,1,59,0
785934,2015-04-24 14:60:58,seo-google,web,windows,0,39,0
4517,2015-04-24 10:60:40,ads-google,web,windows,0,39,0
91561,2015-03-28 11:60:47,ads_facebook,mobile,android,1,59,0
609401,2015-05-15 08:60:54,ads-bing,mobile,android,1,59,0
389465,2015-04-04 12:60:59,direct_traffic,web,mac,1,59,0
432281,2015-04-06 17:60:21,seo_facebook,mobile,android,0,39,0
871741,2015-03-21 05:60:35,ads-yahoo,mobile,android,0,39,0
856788,2015-04-17 12:60:10,ads-yahoo,web,windows,0,39,0
958793,2015-03-14 10:60:15,ads_other,mobile,iOS,0,39,0
144458,2015-05-08 11:60:14,ads-google,web,windows,0,39,0
854515,2015-05-09 05:60:41,ads_facebook,web,windows,0,39,0
932140,2015-04-19 04:60:03,ads_facebook,mobile,android,0,39,0
848232,2015-05-22 20:60:24,seo-other,web,windows,0,39,0
501569,2015-04-24 11:60:01,ads-google,mobile,other,1,59,0
412603,2015-03-06 04:60:47,friend_referral,mobile,android,1,59,0
263586,2015-05-07 12:60:21,ads-bing,mobile,iOS,1,59,0
239373,2015-05-01 11:60:45,ads_facebook,mobile,iOS,1,59,0
993568,2015-04-17 09:60:59,seo_facebook,web,windows,0,39,0
252032,2015-03-22 14:60:35,direct_traffic,web,windows,1,59,0
196669,2015-03-21 03:60:24,ads-google,web,mac,0,39,0
296291,2015-03-27 10:60:12,ads-google,mobile,android,0,39,0
171767,2015-05-08 10:60:22,seo-google,mobile,android,1,59,0
242285,2015-05-28 21:60:05,ads_other,web,mac,0,39,0
889960,2015-03-29 14:60:29,seo-google,mobile,other,0,39,0
436727,2015-04-17 14:60:32,direct_traffic,mobile,android,0,39,0
858569,2015-03-06 21:60:57,ads-bing,mobile,android,0,39,0
334908,2015-03-13 01:60:48,ads-google,mobile,android,0,39,0
280060,2015-05-09 10:60:04,ads_facebook,mobile,iOS,1,59,0
46042,2015-03-16 09:60:37,direct_traffic,mobile,iOS,0,39,0
902996,2015-05-13 13:60:44,ads-bing,mobile,android,0,39,0
715293,2015-03-06 01:60:18,direct_traffic,mobile,android,0,39,0
655709,2015-05-08 16:60:32,ads_facebook,mobile,iOS,1,59,0
272571,2015-04-24 17:60:47,friend_referral,web,windows,1,59,1
766016,2015-05-26 08:60:25,ads_facebook,web,mac,0,39,0
786495,2015-05-17 02:60:26,ads-google,mobile,other,1,59,0
536539,2015-05-03 17:60:29,friend_referral,web,windows,0,39,0
651115,2015-03-08 09:60:17,seo_facebook,mobile,iOS,1,59,0
572188,2015-03-13 10:60:01,ads-yahoo,web,windows,0,39,0
982275,2015-03-19 12:60:10,friend_referral,mobile,iOS,0,39,0
450970,2015-04-24 12:60:46,direct_traffic,mobile,android,0,39,0
297519,2015-04-06 18:60:12,seo-bing,web,mac,0,39,0
870312,2015-04-10 17:60:59,direct_traffic,web,mac,0,39,0
264858,2015-03-06 07:60:05,ads_facebook,mobile,android,0,39,0
883999,2015-03-13 13:60:22,ads_facebook,web,windows,1,59,0
709852,2015-03-21 11:60:25,direct_traffic,mobile,iOS,0,39,0
754858,2015-05-19 12:60:31,ads-google,mobile,iOS,0,39,0
517140,2015-05-02 08:60:37,ads-google,mobile,iOS,1,59,0
588545,2015-04-10 11:60:49,seo_facebook,mobile,iOS,0,39,0
70883,2015-04-04 10:60:02,direct_traffic,web,windows,0,39,0
829804,2015-04-18 12:60:13,direct_traffic,mobile,iOS,1,59,0
973533,2015-05-15 08:60:42,direct_traffic,mobile,android,1,59,0
805644,2015-05-07 17:60:30,seo-yahoo,mobile,iOS,1,59,0
966058,2015-03-12 15:60:47,seo-other,web,windows,0,39,0
878459,2015-04-25 12:60:56,seo-google,mobile,iOS,1,59,0
248054,2015-05-09 09:60:27,ads-bing,web,windows,0,39,0
473437,2015-04-24 11:60:02,direct_traffic,mobile,iOS,0,39,0
37286,2015-04-24 10:60:42,direct_traffic,web,linux,0,39,0
278191,2015-05-30 03:60:47,ads_facebook,web,windows,0,39,0
811128,2015-05-04 13:60:26,seo_facebook,mobile,iOS,0,39,0
537379,2015-04-16 14:60:54,friend_referral,web,windows,1,59,0
641242,2015-03-29 17:60:37,seo-google,web,windows,1,59,0
91774,2015-05-03 18:60:31,direct_traffic,mobile,android,0,39,0
2322,2015-04-18 13:60:35,direct_traffic,mobile,android,0,39,0
163463,2015-05-15 12:60:11,ads_other,web,windows,0,39,0
241412,2015-03-28 03:60:21,seo-other,web,windows,1,59,0
222573,2015-05-05 13:60:45,ads-bing,mobile,other,0,39,0
128701,2015-04-10 12:60:28,ads_facebook,mobile,android,0,39,0
558902,2015-03-26 07:60:02,seo-google,mobile,iOS,0,39,0
526446,2015-04-11 12:60:09,ads_facebook,mobile,iOS,0,39,0
9671,2015-03-20 05:60:04,ads-google,mobile,iOS,1,59,0
863690,2015-05-24 07:60:60,ads-google,mobile,android,1,59,0
26102,2015-05-16 23:60:06,seo_facebook,web,windows,0,39,0
710520,2015-04-23 16:60:24,ads-google,web,windows,1,59,0
571478,2015-04-18 14:60:46,ads-google,web,windows,0,39,0
606605,2015-03-27 14:60:41,direct_traffic,web,windows,0,39,0
22357,2015-03-14 12:60:47,seo_facebook,web,windows,1,59,0
779948,2015-03-12 10:60:30,seo_facebook,mobile,iOS,0,39,0
702689,2015-05-12 08:60:05,direct_traffic,mobile,iOS,0,39,0
497209,2015-03-25 07:60:60,ads-google,mobile,android,1,59,0
481505,2015-05-15 21:60:12,ads-bing,mobile,iOS,0,39,0
601718,2015-03-30 03:60:52,direct_traffic,mobile,iOS,0,39,0
533675,2015-05-30 09:60:21,ads_other,mobile,iOS,0,39,0
758492,2015-04-04 06:60:23,ads-google,mobile,android,1,59,0
291036,2015-03-21 18:60:03,seo_facebook,web,windows,0,39,0
108737,2015-04-25 12:60:55,seo-other,mobile,iOS,1,59,0
447587,2015-03-06 06:60:31,ads-google,mobile,android,1,59,0
523118,2015-03-13 13:60:46,ads_facebook,mobile,android,1,59,0
6592,2015-04-27 03:60:24,ads_facebook,mobile,iOS,0,39,0
535960,2015-05-08 13:60:38,direct_traffic,web,linux,1,59,0
232594,2015-05-18 10:60:08,ads-google,web,windows,0,39,0
258534,2015-04-21 02:60:06,ads-google,mobile,android,0,39,0
645302,2015-05-09 18:60:46,direct_traffic,web,windows,0,39,1
544660,2015-04-24 19:60:22,direct_traffic,mobile,iOS,0,39,0
531138,2015-05-11 11:60:51,seo-other,web,mac,0,39,0
998423,2015-05-15 12:60:08,ads-bing,mobile,other,1,59,0
829029,2015-05-08 12:60:19,ads-google,mobile,iOS,1,59,0
892973,2015-05-07 18:60:11,ads_other,mobile,android,1,59,0
813287,2015-03-13 01:60:50,direct_traffic,mobile,iOS,0,39,0
387508,2015-05-15 07:60:57,ads-google,mobile,iOS,0,39,0
992530,2015-04-17 17:60:43,seo-other,mobile,android,0,39,0
88489,2015-03-21 20:60:30,direct_traffic,web,linux,0,39,0
557038,2015-04-30 05:60:01,seo-other,web,windows,0,39,0
232327,2015-03-07 05:60:23,ads_other,mobile,android,1,59,0
743243,2015-04-03 20:60:59,ads_other,web,windows,1,59,0
899374,2015-04-26 21:60:30,seo_facebook,mobile,other,1,59,0
821678,2015-03-27 10:60:15,friend_referral,mobile,iOS,1,59,0
70816,2015-05-02 22:60:03,ads-google,mobile,android,0,39,0
507033,2015-05-24 10:60:58,seo_facebook,web,windows,0,39,0
422955,2015-05-22 16:60:11,ads_facebook,mobile,iOS,0,39,0
911013,2015-05-10 01:60:31,seo_facebook,web,windows,0,39,0
54831,2015-03-10 22:60:29,friend_referral,web,windows,0,39,0
976205,2015-03-28 12:60:52,direct_traffic,mobile,android,0,39,0
121448,2015-04-04 10:60:24,direct_traffic,web,windows,1,59,0
477473,2015-04-17 12:60:01,seo-google,web,windows,0,39,0
84836,2015-04-24 12:60:35,direct_traffic,web,windows,0,39,0
701733,2015-05-17 10:60:08,ads_facebook,web,windows,0,39,0
432431,2015-04-23 16:60:24,ads-google,web,windows,1,59,0
149055,2015-04-10 11:60:50,ads_facebook,web,mac,0,39,0
422494,2015-04-14 22:60:32,ads_facebook,mobile,android,0,39,0
428101,2015-03-28 06:60:38,ads-google,mobile,android,0,39,0
529691,2015-05-24 18:60:56,ads_other,mobile,iOS,0,39,0
697152,2015-03-26 09:60:02,ads_facebook,mobile,iOS,1,59,0
770291,2015-05-02 14:60:02,ads-bing,mobile,iOS,1,59,0
402764,2015-03-14 09:60:15,ads_other,mobile,iOS,0,39,0
260685,2015-04-26 10:60:01,direct_traffic,mobile,iOS,1,59,0
526961,2015-05-17 12:60:03,ads_other,web,mac,1,59,0
168501,2015-03-26 09:60:51,friend_referral,mobile,android,0,39,0
441951,2015-03-26 16:60:23,direct_traffic,web,windows,0,39,0
94232,2015-04-10 10:60:48,direct_traffic,web,windows,1,59,0
306438,2015-04-15 11:60:22,ads-google,web,windows,0,39,0
136590,2015-05-15 11:60:19,ads_facebook,mobile,iOS,0,39,0
29418,2015-05-15 16:60:09,ads-google,mobile,android,0,39,0
181886,2015-05-16 12:60:20,ads-google,web,windows,1,59,0
518185,2015-05-22 15:60:05,ads_facebook,mobile,iOS,1,59,0
662840,2015-05-15 12:60:17,friend_referral,web,windows,0,39,0
456390,2015-05-01 12:60:05,ads-google,mobile,android,1,59,0
40025,2015-04-25 10:60:41,seo_facebook,web,windows,1,59,0
716124,2015-03-15 12:60:38,ads-google,web,windows,1,59,0
259829,2015-03-04 19:60:21,ads_facebook,mobile,other,1,59,0
333425,2015-04-17 04:60:15,seo-bing,mobile,iOS,1,59,0
468107,2015-05-29 22:60:21,ads-bing,mobile,android,0,39,0
722828,2015-04-17 13:60:40,ads_other,web,mac,1,59,0
676446,2015-05-04 08:60:39,friend_referral,web,windows,0,39,0
378201,2015-03-29 17:60:36,friend_referral,mobile,iOS,0,39,0
389822,2015-05-21 10:60:09,ads_facebook,web,mac,0,39,0
641298,2015-03-06 06:60:31,ads-google,mobile,android,1,59,0
440212,2015-05-29 16:60:26,friend_referral,mobile,iOS,0,39,0
814397,2015-05-14 18:60:34,ads_facebook,mobile,android,0,39,0
981430,2015-03-28 13:60:44,ads_other,web,windows,0,39,0
458037,2015-03-15 12:60:40,ads-yahoo,mobile,android,0,39,0
485120,2015-03-08 12:60:01,friend_referral,mobile,iOS,1,59,0
797734,2015-03-23 04:60:26,seo_facebook,mobile,iOS,1,59,0
474752,2015-04-05 12:60:27,seo_facebook,web,windows,1,59,0
304444,2015-03-27 12:60:01,ads-bing,web,windows,0,39,0
747873,2015-03-22 06:60:18,seo_facebook,mobile,android,1,59,0
661510,2015-03-14 20:60:06,seo_facebook,web,windows,1,59,0
671074,2015-04-24 15:60:06,direct_traffic,mobile,android,0,39,0
685801,2015-03-12 13:60:32,direct_traffic,web,linux,0,39,0
754763,2015-03-24 08:60:26,ads-google,mobile,iOS,0,39,0
8489,2015-04-10 00:60:17,seo-other,mobile,android,0,39,0
14767,2015-05-02 18:60:06,ads_facebook,mobile,android,0,39,0
947673,2015-04-04 09:60:59,seo_facebook,web,windows,0,39,0
529267,2015-05-21 02:60:30,ads-bing,web,windows,1,59,0
839942,2015-03-05 17:60:01,direct_traffic,web,windows,0,39,0
913346,2015-03-29 19:60:26,ads_facebook,mobile,other,1,59,0
409000,2015-05-02 22:60:03,direct_traffic,web,mac,1,59,0
393862,2015-05-11 11:60:32,ads_facebook,web,windows,0,39,0
714480,2015-05-29 10:60:46,ads_other,mobile,other,1,59,0
864125,2015-03-26 15:60:28,ads_other,mobile,android,0,39,0
895873,2015-03-07 08:60:06,direct_traffic,mobile,iOS,0,39,0
711818,2015-05-30 18:60:36,direct_traffic,mobile,iOS,0,39,0
328341,2015-03-28 06:60:38,ads-google,mobile,android,0,39,0
615085,2015-04-16 10:60:37,seo-other,mobile,iOS,1,59,0
861494,2015-04-30 09:60:04,direct_traffic,mobile,other,0,39,0
454108,2015-05-15 17:60:18,ads_other,web,windows,0,39,0
770494,2015-03-27 11:60:20,ads-google,mobile,iOS,1,59,0
729783,2015-05-26 16:60:50,ads_facebook,mobile,android,1,59,0
726363,2015-03-08 18:60:23,ads_other,mobile,android,0,39,0
653801,2015-04-11 11:60:58,seo-google,web,windows,0,39,0
241514,2015-03-06 21:60:57,ads-bing,mobile,android,0,39,0
880205,2015-04-03 11:60:30,ads_facebook,web,windows,0,39,0
451594,2015-04-04 16:60:45,seo-google,web,windows,0,39,0
222333,2015-04-24 08:60:03,ads_facebook,mobile,iOS,1,59,0
841094,2015-03-14 11:60:56,seo_facebook,mobile,iOS,1,59,0
150383,2015-05-26 10:60:16,ads-google,mobile,android,0,39,0
342995,2015-04-22 08:60:20,ads-yahoo,web,windows,0,39,0
495229,2015-04-28 10:60:32,friend_referral,web,mac,0,39,0
809417,2015-03-10 22:60:29,friend_referral,web,windows,0,39,0
805834,2015-03-28 12:60:50,ads-google,web,mac,1,59,0
996932,2015-03-20 22:60:41,ads_facebook,mobile,iOS,1,59,0
257099,2015-05-26 16:60:50,ads_facebook,mobile,android,1,59,0
963833,2015-03-29 12:60:04,direct_traffic,web,mac,0,39,0
383841,2015-04-03 18:60:05,ads-google,mobile,android,0,39,0
644407,2015-04-09 00:60:52,direct_traffic,mobile,android,1,59,0
743884,2015-04-05 04:60:33,friend_referral,web,windows,0,39,0
33359,2015-04-11 17:60:25,ads-google,web,windows,0,39,0
905551,2015-03-15 09:60:36,ads_facebook,mobile,android,1,59,0
577036,2015-04-12 15:60:29,seo-google,mobile,other,0,39,1
516262,2015-05-22 13:60:01,seo_facebook,mobile,android,0,39,0
320718,2015-04-18 10:60:40,direct_traffic,web,windows,0,39,0
958429,2015-03-12 15:60:47,seo-other,web,windows,0,39,0
207914,2015-04-03 18:60:47,seo_facebook,web,windows,0,39,0
786514,2015-03-08 07:60:23,ads_facebook,web,windows,1,59,0
503308,2015-03-04 08:60:07,ads-google,web,linux,1,59,0
608288,2015-03-06 09:60:30,direct_traffic,mobile,iOS,0,39,0
589447,2015-05-01 08:60:31,ads-yahoo,web,mac,0,39,0
466491,2015-05-29 05:60:08,seo-google,mobile,android,0,39,0
770653,2015-03-27 10:60:14,direct_traffic,mobile,iOS,0,39,0
864890,2015-05-23 01:60:05,direct_traffic,mobile,android,0,39,0
70897,2015-04-26 03:60:44,friend_referral,mobile,android,0,39,0
60561,2015-04-30 09:60:04,direct_traffic,mobile,other,0,39,0
917203,2015-04-13 18:60:11,ads_other,mobile,iOS,0,39,0
244096,2015-03-18 04:60:19,friend_referral,mobile,android,0,39,0
402995,2015-03-06 00:60:29,friend_referral,web,windows,1,59,0
970843,2015-05-13 10:60:41,ads_facebook,web,windows,0,39,0
588219,2015-05-23 14:60:30,direct_traffic,web,windows,1,59,0
183392,2015-04-26 00:60:60,seo-google,mobile,android,1,59,0
678836,2015-05-16 12:60:04,ads_other,web,windows,1,59,0
840687,2015-04-17 15:60:11,ads-yahoo,web,windows,1,59,0
476928,2015-04-04 06:60:23,ads-google,mobile,android,1,59,0
441917,2015-05-22 13:60:01,seo_facebook,mobile,android,0,39,0
371081,2015-05-18 10:60:58,ads-yahoo,mobile,iOS,0,39,0
971456,2015-05-24 07:60:60,ads-google,mobile,android,1,59,0
793013,2015-04-04 11:60:06,direct_traffic,web,windows,1,59,0
665167,2015-03-26 10:60:49,ads_facebook,mobile,android,0,39,0
95286,2015-03-16 23:60:26,friend_referral,web,windows,0,39,0
523856,2015-04-18 07:60:38,ads-google,mobile,iOS,0,39,0
897745,2015-04-21 11:60:07,ads-google,mobile,iOS,0,39,0
510750,2015-03-20 10:60:41,direct_traffic,mobile,android,1,59,0
925987,2015-03-26 10:60:49,ads_facebook,mobile,android,0,39,0
144413,2015-03-10 15:60:56,ads-yahoo,mobile,iOS,0,39,0
595372,2015-05-14 12:60:36,ads_facebook,web,windows,0,39,0
83672,2015-03-29 23:60:52,seo-yahoo,mobile,iOS,1,59,0
969894,2015-04-10 12:60:28,ads_facebook,mobile,android,0,39,0
198781,2015-05-22 11:60:34,ads-yahoo,web,windows,0,39,0
839438,2015-05-08 09:60:03,ads_facebook,mobile,iOS,1,59,0
718965,2015-05-08 17:60:48,ads_facebook,mobile,android,0,39,0
878636,2015-05-09 08:60:07,seo_facebook,mobile,iOS,0,39,0
192244,2015-05-16 12:60:50,ads_facebook,mobile,iOS,1,59,0
565031,2015-03-26 09:60:54,ads-bing,web,windows,0,39,0
725232,2015-05-08 10:60:27,ads-bing,web,windows,1,59,0
626891,2015-04-14 11:60:30,ads_facebook,web,windows,0,39,0
813141,2015-04-14 11:60:30,ads_facebook,web,windows,0,39,0
885585,2015-05-15 17:60:18,ads_other,web,windows,0,39,0
52243,2015-03-08 14:60:09,ads-bing,mobile,iOS,0,39,0
673899,2015-03-02 12:60:35,ads-google,mobile,android,1,59,0
734884,2015-03-13 23:60:44,ads-bing,web,windows,1,59,0
632135,2015-04-05 06:60:39,seo-yahoo,mobile,iOS,1,59,0
712202,2015-05-28 10:60:23,direct_traffic,web,windows,0,39,0
346988,2015-03-07 16:60:59,seo_facebook,mobile,iOS,0,39,0
538460,2015-05-30 10:60:26,direct_traffic,mobile,iOS,1,59,0
680708,2015-04-06 08:60:57,seo_facebook,mobile,iOS,1,59,0
297327,2015-03-30 03:60:52,direct_traffic,mobile,iOS,0,39,0
201848,2015-03-31 08:60:18,ads_facebook,web,windows,0,39,0
689319,2015-05-23 10:60:56,seo_facebook,mobile,android,1,59,0
523958,2015-05-07 12:60:21,ads-bing,mobile,iOS,1,59,0
226426,2015-03-08 11:60:35,direct_traffic,web,windows,0,39,0
829660,2015-05-13 04:60:33,direct_traffic,mobile,android,0,39,0
428290,2015-04-19 19:60:20,ads_other,web,windows,1,59,0
866221,2015-04-14 22:60:32,ads_facebook,mobile,android,0,39,0
147706,2015-04-30 19:60:48,direct_traffic,web,mac,1,59,0
255083,2015-05-20 08:60:37,seo-yahoo,web,windows,0,39,0
339346,2015-04-04 10:60:41,ads_facebook,web,mac,0,39,0
808642,2015-03-27 17:60:08,ads_other,web,windows,1,59,0
758307,2015-03-06 04:60:34,seo-other,web,mac,0,39,0
637749,2015-05-11 16:60:22,ads-bing,mobile,iOS,0,39,0
804016,2015-05-29 19:60:06,direct_traffic,web,windows,1,59,0
470104,2015-03-17 11:60:24,ads-bing,web,windows,0,39,0
228224,2015-04-28 18:60:42,seo_facebook,web,windows,1,59,0
400806,2015-05-03 08:60:40,ads_facebook,mobile,iOS,0,39,0
26275,2015-05-22 00:60:14,seo_facebook,web,windows,0,39,0
748713,2015-04-13 08:60:25,direct_traffic,mobile,iOS,0,39,0
756917,2015-05-28 05:60:52,friend_referral,web,windows,0,39,0
201372,2015-04-23 16:60:07,ads_facebook,web,windows,1,59,0
611259,2015-05-12 02:60:18,ads-google,mobile,android,1,59,0
457469,2015-04-05 12:60:17,ads-bing,web,windows,0,39,0
253662,2015-03-26 01:60:08,direct_traffic,mobile,other,0,39,0
284482,2015-03-19 09:60:55,ads-google,web,mac,0,39,0
336591,2015-05-01 02:60:40,ads-google,web,windows,1,59,0
701209,2015-04-17 12:60:10,ads-yahoo,web,windows,0,39,0
746951,2015-04-17 14:60:40,seo_facebook,mobile,iOS,0,39,0
201443,2015-04-24 11:60:27,direct_traffic,mobile,android,1,59,0
781944,2015-03-31 12:60:04,friend_referral,web,windows,0,39,0
965568,2015-03-30 09:60:14,ads_facebook,mobile,iOS,0,39,0
731904,2015-05-09 08:60:52,friend_referral,mobile,iOS,0,39,0
268175,2015-05-08 10:60:28,seo-google,mobile,iOS,0,39,0
877574,2015-04-03 14:60:36,ads_facebook,mobile,iOS,0,39,0
25393,2015-05-22 16:60:11,ads_facebook,mobile,iOS,0,39,0
519486,2015-03-06 00:60:29,friend_referral,web,windows,1,59,0
374669,2015-03-05 03:60:48,ads-yahoo,mobile,android,0,39,0
679066,2015-04-13 22:60:07,direct_traffic,mobile,iOS,1,59,0
703767,2015-04-29 22:60:54,ads-google,mobile,android,1,59,0
31739,2015-04-16 21:60:30,direct_traffic,web,windows,0,39,0
8664,2015-05-22 12:60:09,ads-bing,mobile,other,0,39,0
999670,2015-04-17 10:60:27,direct_traffic,mobile,other,0,39,0
93247,2015-04-24 11:60:01,ads-google,mobile,other,1,59,0
251803,2015-03-02 11:60:08,ads-bing,web,windows,0,39,0
285789,2015-03-14 12:60:36,ads-google,mobile,android,0,39,0
431255,2015-03-13 15:60:50,seo_facebook,web,windows,0,39,0
235803,2015-05-02 22:60:03,direct_traffic,web,mac,1,59,0
643500,2015-05-18 12:60:36,direct_traffic,web,mac,0,39,0
567874,2015-05-21 10:60:45,ads-google,mobile,iOS,0,39,0
497874,2015-05-31 08:60:23,ads_other,mobile,iOS,1,59,0
827893,2015-05-30 15:60:21,seo-yahoo,mobile,android,1,59,0
297471,2015-04-28 09:60:39,ads-google,mobile,iOS,1,59,1
753806,2015-05-19 17:60:42,direct_traffic,mobile,android,0,39,0
911944,2015-03-17 15:60:21,direct_traffic,mobile,iOS,0,39,0
406962,2015-03-29 19:60:37,ads_facebook,mobile,android,0,39,0
890265,2015-05-13 11:60:02,seo-google,mobile,iOS,1,59,0
939108,2015-05-18 12:60:36,direct_traffic,web,mac,0,39,0
819936,2015-04-24 16:60:16,ads-google,mobile,iOS,1,59,0
139135,2015-03-26 12:60:16,ads-google,mobile,iOS,1,59,0
445063,2015-04-25 15:60:06,ads-google,mobile,android,1,59,0
188314,2015-05-10 05:60:49,ads_other,web,windows,0,39,0
422338,2015-03-20 13:60:38,ads_facebook,web,windows,0,39,0
548342,2015-05-17 17:60:59,ads_facebook,mobile,iOS,0,39,0
430647,2015-04-08 19:60:32,direct_traffic,mobile,iOS,1,59,0
607452,2015-03-09 21:60:25,ads_facebook,web,windows,0,39,0
881199,2015-03-08 11:60:38,direct_traffic,mobile,iOS,1,59,0
378084,2015-05-09 15:60:44,ads_facebook,mobile,other,0,39,0
430180,2015-05-15 17:60:40,ads-google,web,windows,1,59,0
720542,2015-04-10 06:60:46,ads-google,web,windows,0,39,0
364300,2015-03-13 03:60:56,ads_facebook,mobile,iOS,1,59,0
367581,2015-04-18 09:60:22,ads-yahoo,web,mac,0,39,0
173139,2015-03-07 12:60:59,ads_facebook,mobile,android,1,59,0
595047,2015-03-27 23:60:08,ads-google,mobile,android,1,59,0
374279,2015-03-13 17:60:59,seo_facebook,mobile,android,0,39,0
23215,2015-03-20 16:60:48,ads_facebook,web,windows,0,39,0
29955,2015-03-21 08:60:50,ads_facebook,mobile,android,1,59,0
118118,2015-03-20 11:60:38,seo-google,mobile,android,0,39,0
44248,2015-04-14 11:60:32,direct_traffic,web,mac,0,39,0
90691,2015-03-28 01:60:32,ads_other,mobile,android,1,59,0
165218,2015-05-17 10:60:46,friend_referral,mobile,iOS,0,39,0
243676,2015-03-20 17:60:32,ads_other,mobile,iOS,0,39,0
814232,2015-05-31 08:60:06,friend_referral,mobile,iOS,0,39,0
29618,2015-05-23 11:60:01,direct_traffic,mobile,android,0,39,1
269349,2015-04-18 14:60:08,seo-google,web,windows,1,59,0
907798,2015-03-29 19:60:26,ads_facebook,mobile,other,1,59,0
76035,2015-05-27 15:60:37,seo-other,mobile,iOS,0,39,0
72214,2015-05-01 23:60:21,ads_other,mobile,android,1,59,0
277211,2015-03-07 18:60:11,direct_traffic,mobile,iOS,0,39,0
41004,2015-03-20 08:60:29,ads-google,mobile,android,1,59,0
99068,2015-05-16 07:60:03,ads_facebook,mobile,iOS,0,39,0
187937,2015-05-15 10:60:54,ads_facebook,web,windows,1,59,1
568143,2015-05-22 16:60:22,seo-yahoo,web,mac,0,39,0
232930,2015-05-29 16:60:26,friend_referral,mobile,iOS,0,39,0
684272,2015-04-22 22:60:06,direct_traffic,web,windows,1,59,1
150769,2015-05-01 14:60:46,seo_facebook,mobile,iOS,0,39,0
27848,2015-03-20 09:60:34,ads-google,mobile,iOS,0,39,0
949660,2015-05-29 09:60:21,direct_traffic,mobile,iOS,0,39,0
857726,2015-05-16 10:60:59,direct_traffic,web,windows,0,39,0
90779,2015-04-29 11:60:30,seo_facebook,web,windows,0,39,0
617085,2015-04-04 08:60:38,direct_traffic,mobile,android,1,59,0
209043,2015-03-26 15:60:19,ads-google,mobile,android,0,39,0
428265,2015-05-15 12:60:28,ads_facebook,mobile,iOS,0,39,0
716799,2015-04-10 17:60:58,ads-google,mobile,iOS,0,39,0
397742,2015-04-12 12:60:17,ads-google,mobile,android,0,39,0
614860,2015-04-21 17:60:31,friend_referral,mobile,other,0,39,0
283430,2015-03-14 10:60:15,ads_other,mobile,iOS,0,39,0
832692,2015-04-16 09:60:14,seo_facebook,mobile,iOS,0,39,0
715039,2015-04-21 08:60:57,ads-bing,mobile,iOS,0,39,0
135419,2015-05-30 14:60:53,ads_facebook,mobile,iOS,0,39,0
476160,2015-04-21 12:60:34,seo-google,mobile,iOS,0,39,0
481662,2015-04-05 17:60:29,seo-yahoo,mobile,android,0,39,0
340601,2015-05-18 10:60:02,seo-google,mobile,android,0,39,0
992229,2015-05-04 23:60:49,ads-yahoo,mobile,android,0,39,0
110502,2015-04-14 11:60:32,direct_traffic,web,mac,0,39,0
819169,2015-04-07 11:60:58,ads_facebook,mobile,iOS,0,39,0
585146,2015-05-05 13:60:45,ads-bing,mobile,other,0,39,0
525117,2015-03-06 03:60:52,ads_facebook,mobile,iOS,1,59,0
18758,2015-04-24 08:60:08,ads_other,web,mac,0,39,0
257884,2015-03-21 12:60:46,direct_traffic,web,windows,0,39,0
465517,2015-04-07 11:60:58,ads_facebook,mobile,iOS,0,39,0
202592,2015-05-21 03:60:35,seo-google,mobile,android,0,39,0
67692,2015-04-10 11:60:21,ads-google,mobile,other,0,39,0
795181,2015-03-06 19:60:16,ads-google,web,windows,0,39,0
343856,2015-04-30 12:60:23,seo_facebook,mobile,android,0,39,0
960449,2015-04-15 20:60:34,ads_other,mobile,other,0,39,0
429313,2015-04-24 11:60:02,direct_traffic,mobile,iOS,0,39,0
463393,2015-05-21 10:60:09,ads_facebook,web,mac,0,39,0
250798,2015-03-19 11:60:54,ads_facebook,mobile,android,0,39,0
343630,2015-03-07 21:60:36,direct_traffic,mobile,iOS,1,59,1
129788,2015-05-31 08:60:23,ads_other,mobile,iOS,1,59,0
895641,2015-04-17 12:60:10,ads-yahoo,web,windows,0,39,0
186091,2015-05-09 08:60:14,ads-google,web,mac,1,59,0
459040,2015-03-13 11:60:37,seo-google,mobile,other,0,39,0
227462,2015-03-18 16:60:07,ads-yahoo,web,windows,1,59,0
864964,2015-03-31 11:60:60,ads_other,mobile,iOS,0,39,0
669869,2015-03-07 04:60:41,ads-bing,mobile,iOS,0,39,0
976023,2015-04-09 11:60:34,ads_facebook,mobile,other,0,39,0
310386,2015-03-08 15:60:36,ads_facebook,web,windows,1,59,0
205501,2015-05-10 13:60:27,direct_traffic,mobile,android,0,39,0
95395,2015-03-18 09:60:37,ads-google,mobile,android,0,39,0
666942,2015-05-16 12:60:48,ads_facebook,mobile,android,0,39,0
467659,2015-03-14 15:60:36,ads_other,mobile,iOS,0,39,0
587950,2015-05-08 10:60:59,ads-bing,web,windows,1,59,0
585779,2015-04-03 15:60:25,ads-google,web,mac,1,59,0
289266,2015-04-01 12:60:25,seo_facebook,web,windows,0,39,0
56671,2015-04-04 18:60:30,seo-bing,mobile,iOS,1,59,0
581864,2015-04-18 11:60:26,direct_traffic,web,windows,0,39,0
982660,2015-05-02 14:60:02,ads-bing,mobile,iOS,1,59,0
899040,2015-05-10 17:60:10,ads-bing,mobile,android,0,39,0
788645,2015-05-24 10:60:58,seo_facebook,web,windows,0,39,0
29458,2015-05-08 12:60:19,ads-google,mobile,iOS,1,59,0
994852,2015-04-05 14:60:34,friend_referral,mobile,android,0,39,0
565298,2015-04-10 10:60:20,ads-google,mobile,iOS,0,39,0
517505,2015-05-20 15:60:39,direct_traffic,web,windows,0,39,0
301478,2015-05-09 13:60:49,seo-yahoo,web,windows,1,59,0
148652,2015-03-14 18:60:29,ads-google,mobile,android,0,39,0
655326,2015-04-10 20:60:54,friend_referral,web,windows,0,39,0
266067,2015-05-15 11:60:10,direct_traffic,web,windows,0,39,0
131654,2015-03-19 09:60:43,seo-google,mobile,iOS,0,39,0
363073,2015-03-13 11:60:59,seo-google,mobile,iOS,0,39,0
430784,2015-04-03 20:60:59,ads_other,web,windows,1,59,0
694419,2015-05-31 11:60:43,direct_traffic,web,windows,0,39,0
927335,2015-03-06 18:60:30,ads_facebook,mobile,iOS,1,59,0
712655,2015-05-21 12:60:38,ads_other,web,windows,0,39,0
649687,2015-05-28 11:60:42,direct_traffic,web,windows,0,39,0
163391,2015-04-05 13:60:55,friend_referral,mobile,android,0,39,0
486879,2015-04-24 15:60:32,seo-google,web,mac,0,39,0
446241,2015-04-13 22:60:07,direct_traffic,mobile,iOS,1,59,0
631588,2015-05-01 08:60:31,direct_traffic,web,windows,0,39,1
545199,2015-04-17 14:60:37,ads_other,mobile,android,0,39,0
357700,2015-04-18 01:60:42,ads-bing,mobile,iOS,0,39,0
29322,2015-04-05 11:60:35,ads_facebook,mobile,android,0,39,0
908781,2015-04-22 07:60:12,ads-bing,mobile,iOS,0,39,0
479118,2015-04-17 09:60:34,friend_referral,web,windows,1,59,0
30428,2015-04-25 14:60:43,friend_referral,web,windows,1,59,0
625784,2015-04-14 12:60:47,ads_facebook,mobile,android,0,39,0
662295,2015-04-11 12:60:09,ads_facebook,mobile,iOS,0,39,0
187467,2015-04-13 05:60:11,seo-google,mobile,iOS,0,39,0
950053,2015-05-31 00:60:03,seo_facebook,mobile,android,0,39,0
213105,2015-03-12 13:60:23,seo-google,mobile,android,1,59,0
86422,2015-04-23 19:60:32,seo-other,web,windows,0,39,0
114555,2015-04-10 11:60:21,ads-google,mobile,other,0,39,0
123885,2015-05-07 17:60:30,seo-yahoo,mobile,iOS,1,59,0
766341,2015-03-04 08:60:07,ads-google,web,linux,1,59,0
828939,2015-05-02 13:60:28,ads_other,web,windows,0,39,0
202441,2015-04-16 13:60:04,friend_referral,mobile,android,0,39,0
360837,2015-03-20 09:60:26,ads-google,web,windows,0,39,0
403542,2015-05-17 20:60:03,seo-google,web,windows,1,59,0
545922,2015-05-09 12:60:42,ads-yahoo,mobile,iOS,0,39,0
69424,2015-05-16 05:60:35,direct_traffic,web,windows,0,39,0
495029,2015-03-04 12:60:60,ads-google,web,windows,0,39,0
724280,2015-04-10 20:60:54,friend_referral,web,windows,0,39,0
502409,2015-05-23 10:60:22,direct_traffic,web,windows,0,39,0
991817,2015-04-12 03:60:44,ads-google,mobile,android,1,59,0
33312,2015-04-19 12:60:58,direct_traffic,mobile,iOS,1,59,0
95333,2015-04-20 13:60:32,direct_traffic,mobile,other,0,39,0
723580,2015-04-17 07:60:30,seo-yahoo,mobile,android,0,39,0
546418,2015-05-09 13:60:09,ads-yahoo,mobile,iOS,0,39,0
485571,2015-04-16 21:60:15,direct_traffic,web,mac,1,59,0
450263,2015-05-07 10:60:36,seo-google,mobile,iOS,1,59,0
815466,2015-05-16 17:60:39,friend_referral,mobile,iOS,1,59,0
428284,2015-05-22 21:60:58,seo-google,mobile,android,1,59,0
956686,2015-04-27 14:60:49,seo-google,web,windows,0,39,0
69389,2015-05-02 03:60:59,ads_other,mobile,android,0,39,0
810103,2015-05-02 08:60:37,ads-google,mobile,iOS,1,59,0
811881,2015-03-08 15:60:36,ads_facebook,web,windows,1,59,0
276105,2015-03-14 09:60:30,ads_facebook,mobile,iOS,0,39,0
505978,2015-04-17 11:60:23,ads-google,mobile,android,1,59,0
236552,2015-04-21 12:60:12,ads_facebook,web,windows,0,39,0
337413,2015-05-22 13:60:01,seo_facebook,mobile,android,0,39,0
65407,2015-04-16 09:60:14,seo_facebook,mobile,iOS,0,39,0
394911,2015-04-11 14:60:40,ads-google,mobile,android,1,59,0
643130,2015-05-07 06:60:51,direct_traffic,mobile,android,0,39,0
339620,2015-05-09 05:60:41,ads_facebook,web,windows,0,39,0
794179,2015-05-17 05:60:17,friend_referral,web,windows,1,59,0
95737,2015-03-22 02:60:40,direct_traffic,web,windows,0,39,0
308057,2015-04-28 13:60:48,ads_other,web,mac,0,39,0
785630,2015-05-01 12:60:05,ads-google,mobile,android,1,59,0
511732,2015-05-14 14:60:13,ads-google,web,windows,0,39,0
889030,2015-04-17 14:60:32,direct_traffic,mobile,android,0,39,0
109918,2015-03-08 14:60:09,ads-bing,mobile,iOS,0,39,0
721516,2015-03-29 14:60:46,direct_traffic,mobile,iOS,1,59,1
723709,2015-05-07 11:60:32,ads_facebook,web,windows,0,39,0
653035,2015-03-26 15:60:19,ads-google,mobile,android,0,39,0
10568,2015-04-24 09:60:46,ads_facebook,mobile,android,0,39,0
204340,2015-04-02 17:60:32,ads-google,mobile,android,0,39,0
717591,2015-03-26 03:60:56,direct_traffic,mobile,iOS,0,39,0
747477,2015-03-26 16:60:23,direct_traffic,web,windows,0,39,0
109362,2015-05-30 15:60:27,ads-bing,web,windows,0,39,0
502069,2015-03-23 02:60:39,direct_traffic,mobile,iOS,0,39,0
3253,2015-04-10 10:60:17,friend_referral,web,linux,1,59,0
931423,2015-05-16 10:60:06,ads_facebook,web,mac,0,39,0
955010,2015-03-08 16:60:34,ads-google,web,windows,1,59,0
148122,2015-05-30 11:60:39,ads_facebook,web,windows,0,39,0
641557,2015-04-04 15:60:48,ads_facebook,mobile,iOS,1,59,0
153119,2015-04-04 19:60:60,seo_facebook,mobile,iOS,0,39,0
150917,2015-03-15 16:60:24,ads-google,mobile,iOS,0,39,0
286858,2015-03-15 12:60:38,ads-google,web,windows,1,59,0
752261,2015-03-13 23:60:02,ads-google,web,windows,0,39,1
784896,2015-05-17 16:60:47,seo_facebook,mobile,iOS,1,59,0
874914,2015-05-15 08:60:15,ads-yahoo,mobile,android,1,59,0
484484,2015-03-26 03:60:56,direct_traffic,mobile,iOS,0,39,0
682122,2015-04-09 00:60:52,direct_traffic,mobile,android,1,59,0
628950,2015-03-17 10:60:58,ads_facebook,web,windows,0,39,0
173602,2015-04-06 22:60:60,ads_other,web,windows,0,39,0
777676,2015-04-21 12:60:56,seo_facebook,mobile,iOS,1,59,0
528200,2015-04-05 19:60:28,direct_traffic,mobile,android,0,39,0
756687,2015-03-18 06:60:46,ads_other,web,windows,1,59,0
245622,2015-03-21 13:60:38,seo-other,mobile,iOS,1,59,0
1668,2015-03-09 22:60:60,direct_traffic,web,mac,0,39,0
282395,2015-03-15 09:60:26,ads-google,web,windows,0,39,0
144688,2015-04-26 03:60:16,ads-google,mobile,iOS,1,59,0
354789,2015-05-22 19:60:53,ads_other,mobile,android,1,59,0
467733,2015-05-15 12:60:01,seo-yahoo,mobile,android,0,39,0
737330,2015-03-14 12:60:35,seo-other,web,windows,1,59,0
4566,2015-05-30 18:60:03,ads_facebook,web,mac,0,39,0
18780,2015-05-27 03:60:46,direct_traffic,mobile,android,1,59,0
494463,2015-03-05 11:60:24,direct_traffic,mobile,iOS,1,59,0
969413,2015-05-01 09:60:40,ads_other,web,windows,1,59,0
826383,2015-03-19 13:60:31,ads-bing,mobile,other,1,59,0
839217,2015-05-22 12:60:12,direct_traffic,mobile,android,1,59,0
691040,2015-05-26 09:60:05,direct_traffic,mobile,iOS,0,39,0
168774,2015-03-07 12:60:02,ads-google,mobile,iOS,0,39,0
995858,2015-05-14 12:60:04,ads_facebook,mobile,iOS,0,39,0
599862,2015-03-03 09:60:12,ads_facebook,web,windows,1,59,0
310496,2015-03-08 15:60:36,ads_facebook,web,windows,1,59,0
788496,2015-05-22 04:60:12,ads-yahoo,web,windows,1,59,0
401596,2015-05-25 18:60:11,seo-google,web,windows,0,39,0
47965,2015-05-31 03:60:01,ads-google,mobile,iOS,0,39,0
455948,2015-05-16 15:60:28,seo-google,web,windows,1,59,0
699194,2015-05-12 17:60:49,friend_referral,mobile,android,0,39,0
319723,2015-04-03 11:60:14,direct_traffic,mobile,iOS,0,39,0
831955,2015-03-27 16:60:14,friend_referral,web,windows,1,59,0
879769,2015-05-01 09:60:01,ads_other,mobile,iOS,0,39,0
771867,2015-03-06 11:60:23,ads-yahoo,mobile,android,0,39,0
451383,2015-05-17 18:60:39,direct_traffic,mobile,other,1,59,0
535944,2015-05-22 11:60:41,direct_traffic,mobile,android,0,39,0
457726,2015-03-27 10:60:55,ads_other,mobile,other,0,39,0
736973,2015-03-06 12:60:40,seo-other,mobile,android,0,39,0
677621,2015-05-28 13:60:53,ads-google,mobile,iOS,0,39,0
864922,2015-04-30 10:60:25,ads_other,web,windows,1,59,0
455900,2015-04-03 11:60:08,ads_other,web,windows,0,39,0
420756,2015-04-17 10:60:59,seo-yahoo,web,mac,0,39,0
154953,2015-04-04 12:60:11,friend_referral,web,mac,0,39,0
576711,2015-03-27 12:60:50,direct_traffic,mobile,iOS,1,59,0
955066,2015-03-14 06:60:35,ads-google,mobile,other,0,39,1
233325,2015-04-26 10:60:18,ads_facebook,mobile,android,0,39,0
185162,2015-05-18 06:60:05,ads-google,mobile,other,0,39,0
320378,2015-05-15 08:60:40,ads-bing,mobile,android,1,59,0
689013,2015-05-18 18:60:50,ads_other,web,windows,1,59,0
722112,2015-05-30 23:60:01,seo-google,web,windows,0,39,0
318291,2015-03-20 02:60:33,direct_traffic,web,mac,0,39,0
371178,2015-05-30 12:60:37,seo-google,mobile,iOS,0,39,0
149988,2015-04-19 05:60:53,ads_other,web,windows,0,39,0
225451,2015-04-03 16:60:54,ads-google,mobile,android,0,39,0
452320,2015-03-27 17:60:22,ads-google,web,windows,1,59,0
658496,2015-04-03 06:60:59,ads_other,mobile,iOS,1,59,0
118852,2015-04-10 02:60:10,friend_referral,web,windows,0,39,0
744137,2015-05-02 16:60:34,seo-yahoo,web,windows,0,39,0
284588,2015-05-15 12:60:08,ads-bing,mobile,other,1,59,0
218360,2015-03-13 18:60:25,seo-yahoo,mobile,android,1,59,0
114405,2015-03-06 04:60:34,seo-other,web,mac,0,39,0
9595,2015-05-31 08:60:12,ads-yahoo,mobile,android,1,59,0
953723,2015-05-11 12:60:53,ads-google,web,windows,1,59,0
444773,2015-05-03 12:60:51,seo-google,mobile,android,0,39,0
586463,2015-03-15 11:60:15,ads_facebook,mobile,android,0,39,0
138151,2015-05-02 13:60:12,ads_other,mobile,iOS,1,59,0
15701,2015-03-22 12:60:52,ads_other,mobile,android,0,39,0
732693,2015-03-15 17:60:01,seo-other,web,windows,0,39,0
357833,2015-03-14 11:60:49,ads_facebook,mobile,android,0,39,0
837090,2015-05-08 10:60:59,ads-bing,web,windows,1,59,0
553747,2015-04-10 23:60:03,direct_traffic,mobile,iOS,0,39,0
57834,2015-03-22 11:60:52,direct_traffic,mobile,android,0,39,0
460056,2015-04-12 09:60:50,seo-yahoo,mobile,android,1,59,0
189037,2015-04-09 12:60:44,ads-google,mobile,android,1,59,1
203330,2015-05-23 11:60:53,direct_traffic,mobile,iOS,0,39,0
924142,2015-05-03 12:60:18,ads-google,mobile,android,0,39,0
8933,2015-05-23 05:60:25,seo-google,mobile,iOS,0,39,0
918634,2015-05-09 08:60:14,ads-google,web,mac,1,59,0
669593,2015-05-30 08:60:47,direct_traffic,web,mac,0,39,0
692420,2015-03-02 14:60:14,ads-google,web,windows,1,59,0
42068,2015-05-03 04:60:18,seo-other,mobile,iOS,0,39,0
78000,2015-03-27 10:60:11,ads_other,web,mac,0,39,0
208623,2015-05-16 12:60:04,ads_other,web,windows,1,59,0
229974,2015-03-20 12:60:51,ads-google,mobile,android,0,39,0
464255,2015-05-18 12:60:36,direct_traffic,web,mac,0,39,0
762409,2015-05-09 09:60:27,ads-bing,web,windows,0,39,0
687003,2015-03-08 10:60:06,seo-google,mobile,iOS,1,59,0
563180,2015-05-16 23:60:06,seo_facebook,web,windows,0,39,0
871766,2015-04-12 12:60:17,ads-google,mobile,android,0,39,0
894528,2015-04-04 09:60:28,friend_referral,mobile,android,1,59,0
956656,2015-03-19 12:60:10,friend_referral,mobile,iOS,0,39,0
947761,2015-05-09 08:60:25,ads-bing,mobile,other,1,59,0
184892,2015-03-17 11:60:36,direct_traffic,mobile,android,1,59,0
145379,2015-04-26 03:60:44,friend_referral,mobile,android,0,39,0
406995,2015-05-15 06:60:24,ads-bing,mobile,android,1,59,0
845600,2015-05-02 13:60:08,seo-google,mobile,iOS,0,39,0
382053,2015-03-27 12:60:50,direct_traffic,mobile,iOS,1,59,0
522782,2015-03-27 23:60:45,seo-yahoo,mobile,android,0,39,0
762359,2015-03-28 09:60:52,ads_facebook,web,windows,1,59,0
941835,2015-05-10 01:60:31,seo_facebook,web,windows,0,39,0
355102,2015-05-01 10:60:34,ads_other,mobile,android,1,59,0
672772,2015-05-29 08:60:51,ads-google,web,windows,0,39,0
456440,2015-04-09 18:60:23,direct_traffic,web,windows,1,59,0
425650,2015-03-20 17:60:32,ads_other,mobile,iOS,0,39,0
835743,2015-05-22 07:60:21,seo_facebook,web,windows,1,59,0
658886,2015-03-11 10:60:37,ads-google,web,windows,0,39,0
428544,2015-03-03 11:60:03,ads_other,web,windows,0,39,0
223485,2015-05-15 14:60:24,direct_traffic,mobile,iOS,0,39,0
984445,2015-05-08 18:60:10,ads_facebook,mobile,android,0,39,0
663422,2015-03-28 08:60:25,ads-google,mobile,android,0,39,0
872211,2015-05-16 15:60:28,seo-google,web,windows,1,59,0
111646,2015-05-29 12:60:41,ads-google,web,windows,0,39,0
520387,2015-04-11 07:60:17,ads_other,web,mac,0,39,0
818220,2015-03-28 15:60:46,ads_other,web,windows,0,39,0
938085,2015-04-30 00:60:32,friend_referral,web,mac,1,59,0
397810,2015-03-06 09:60:38,ads-google,web,windows,0,39,0
960239,2015-03-20 23:60:42,ads-bing,mobile,iOS,1,59,0
351237,2015-05-02 08:60:29,ads-bing,web,windows,0,39,0
816602,2015-04-03 14:60:01,friend_referral,web,mac,0,39,0
216364,2015-05-18 10:60:58,ads-yahoo,mobile,iOS,0,39,0
721975,2015-05-15 11:60:10,direct_traffic,web,windows,0,39,0
109960,2015-05-11 11:60:51,seo-other,web,mac,0,39,0
654714,2015-05-31 17:60:02,ads-google,web,windows,0,39,0
996798,2015-03-20 05:60:04,ads-google,mobile,iOS,1,59,0
215025,2015-03-26 11:60:13,ads-yahoo,mobile,android,0,39,0
395500,2015-03-27 05:60:59,ads_facebook,mobile,iOS,0,39,0
371679,2015-04-24 14:60:03,ads-google,mobile,iOS,0,39,0
902117,2015-05-16 10:60:59,direct_traffic,web,windows,0,39,0
67001,2015-04-23 13:60:24,ads_other,mobile,iOS,0,39,0
527236,2015-05-08 10:60:28,seo-google,mobile,iOS,0,39,0
388498,2015-03-02 13:60:10,ads-google,mobile,android,1,59,0
754399,2015-04-16 21:60:30,direct_traffic,web,windows,0,39,0
642067,2015-04-06 08:60:24,ads_facebook,mobile,android,1,59,0
954856,2015-04-05 14:60:34,friend_referral,mobile,android,0,39,0
836074,2015-05-31 15:60:59,ads-yahoo,mobile,iOS,0,39,0
197169,2015-03-21 13:60:29,ads-google,web,windows,0,39,0
585381,2015-05-23 12:60:30,direct_traffic,mobile,iOS,0,39,0
751073,2015-05-09 17:60:16,direct_traffic,mobile,android,0,39,0
73398,2015-03-21 12:60:58,ads_facebook,mobile,iOS,1,59,0
919007,2015-04-12 11:60:30,ads-google,mobile,iOS,0,39,0
739431,2015-05-01 09:60:40,ads_other,web,windows,1,59,0
81496,2015-03-14 09:60:04,ads_other,mobile,iOS,0,39,0
484638,2015-03-14 00:60:50,ads-bing,mobile,android,0,39,0
9221,2015-04-27 11:60:40,seo_facebook,mobile,android,0,39,0
397562,2015-04-09 14:60:41,ads-bing,mobile,android,0,39,0
354529,2015-05-08 15:60:58,ads-yahoo,mobile,android,0,39,0
856626,2015-05-16 12:60:48,ads_facebook,mobile,android,0,39,0
387908,2015-04-23 07:60:45,seo-bing,web,windows,0,39,0
426535,2015-03-15 12:60:31,seo_facebook,mobile,iOS,1,59,0
112996,2015-05-01 14:60:06,seo-bing,mobile,android,1,59,0
196488,2015-05-21 15:60:38,ads_facebook,web,windows,1,59,0
679503,2015-03-28 10:60:16,direct_traffic,mobile,iOS,0,39,0
88015,2015-03-17 10:60:58,ads_facebook,web,windows,0,39,0
925318,2015-03-20 10:60:36,ads-google,web,windows,0,39,0
487053,2015-05-10 14:60:51,direct_traffic,mobile,iOS,1,59,0
111014,2015-03-12 10:60:53,ads_facebook,mobile,android,0,39,0
651227,2015-04-17 13:60:41,direct_traffic,web,windows,0,39,0
776567,2015-05-28 09:60:19,seo-bing,web,windows,0,39,0
238129,2015-04-04 15:60:48,ads_facebook,mobile,iOS,1,59,0
687723,2015-04-03 14:60:35,ads-google,mobile,iOS,0,39,1
790475,2015-04-05 04:60:33,friend_referral,web,windows,0,39,0
15949,2015-04-02 14:60:34,ads-bing,web,windows,0,39,0
433357,2015-05-13 04:60:33,direct_traffic,mobile,android,0,39,0
648590,2015-03-05 11:60:17,friend_referral,web,windows,0,39,0
879228,2015-03-13 19:60:28,direct_traffic,mobile,android,0,39,0
426092,2015-03-11 10:60:06,friend_referral,web,windows,1,59,0
352619,2015-05-24 12:60:27,ads_other,web,windows,0,39,0
685538,2015-05-15 09:60:18,ads-google,web,windows,1,59,0
746838,2015-03-22 07:60:26,ads-google,mobile,android,0,39,0
262260,2015-03-08 11:60:35,direct_traffic,web,windows,0,39,0
8641,2015-05-01 01:60:25,friend_referral,web,windows,1,59,0
804222,2015-03-11 07:60:58,seo-google,web,windows,0,39,0
109001,2015-03-13 12:60:33,ads-bing,mobile,android,0,39,0
472458,2015-04-08 16:60:01,ads_facebook,web,windows,0,39,0
867352,2015-05-09 12:60:14,ads_other,mobile,android,1,59,0
559906,2015-05-01 09:60:34,direct_traffic,mobile,iOS,1,59,0
315951,2015-05-31 20:60:45,seo-google,mobile,iOS,0,39,0
790612,2015-03-26 11:60:13,ads-yahoo,mobile,android,0,39,0
668749,2015-05-09 22:60:19,seo_facebook,web,windows,1,59,0
817498,2015-04-26 12:60:01,ads_facebook,mobile,other,0,39,0
140153,2015-03-27 19:60:18,ads-google,web,windows,0,39,0
812676,2015-04-19 12:60:37,direct_traffic,web,linux,1,59,0
198594,2015-04-25 20:60:30,seo-google,mobile,iOS,0,39,0
538392,2015-03-21 05:60:35,ads-yahoo,mobile,android,0,39,0
487386,2015-04-23 13:60:24,ads_other,mobile,iOS,0,39,0
263889,2015-04-17 10:60:55,ads_facebook,mobile,iOS,0,39,0
312050,2015-04-27 14:60:13,seo-google,mobile,android,0,39,0
167008,2015-04-24 09:60:51,direct_traffic,web,windows,0,39,0
345352,2015-03-13 11:60:26,ads_facebook,web,mac,1,59,0
652815,2015-03-14 11:60:35,direct_traffic,web,windows,0,39,0
569738,2015-04-10 18:60:09,seo_facebook,web,mac,0,39,0
139804,2015-04-10 12:60:11,ads_facebook,mobile,android,1,59,0
960408,2015-04-07 15:60:20,direct_traffic,mobile,android,0,39,0
216501,2015-04-04 09:60:59,seo_facebook,web,windows,0,39,0
593988,2015-04-25 07:60:60,ads-google,mobile,android,0,39,0
206394,2015-04-17 10:60:59,seo-yahoo,web,mac,0,39,0
202038,2015-05-31 15:60:59,ads-yahoo,mobile,iOS,0,39,0
58666,2015-03-20 17:60:56,ads_facebook,mobile,iOS,1,59,0
331104,2015-04-03 05:60:51,ads-yahoo,mobile,iOS,0,39,0
871964,2015-05-24 13:60:14,seo-other,mobile,android,0,39,0
165674,2015-03-19 13:60:51,ads-yahoo,web,windows,1,59,0
467662,2015-04-11 21:60:41,direct_traffic,web,windows,0,39,0
10354,2015-05-15 18:60:22,seo_facebook,web,linux,0,39,0
548808,2015-05-02 11:60:52,ads_facebook,mobile,iOS,0,39,0
791898,2015-05-09 12:60:14,ads_other,mobile,android,1,59,0
459824,2015-04-17 17:60:43,ads_facebook,mobile,other,1,59,0
425587,2015-04-02 02:60:06,friend_referral,mobile,other,0,39,0
530352,2015-03-06 21:60:57,ads-bing,mobile,android,0,39,0
688512,2015-03-22 16:60:43,friend_referral,mobile,iOS,0,39,0
876256,2015-04-24 11:60:27,direct_traffic,mobile,android,1,59,0
604387,2015-04-10 11:60:59,ads_facebook,web,windows,0,39,0
288979,2015-05-31 00:60:03,seo_facebook,mobile,android,0,39,0
19494,2015-03-21 13:60:29,ads-google,web,windows,0,39,0
927662,2015-03-19 22:60:30,friend_referral,mobile,iOS,1,59,0
974346,2015-04-02 11:60:25,ads-google,mobile,android,0,39,1
293391,2015-05-03 12:60:26,direct_traffic,mobile,other,0,39,0
539799,2015-04-28 12:60:31,ads-google,mobile,android,1,59,0
68003,2015-05-06 14:60:48,ads_facebook,mobile,android,0,39,0
387385,2015-03-23 00:60:20,ads_facebook,mobile,iOS,0,39,0
153784,2015-03-26 13:60:16,ads-bing,web,windows,0,39,0
650853,2015-03-20 21:60:08,seo_facebook,web,windows,0,39,0
650681,2015-04-28 18:60:42,seo_facebook,web,windows,1,59,0
388657,2015-05-15 10:60:31,ads-bing,mobile,android,1,59,0
499484,2015-05-30 16:60:25,direct_traffic,mobile,android,0,39,0
51509,2015-05-09 21:60:23,seo_facebook,mobile,android,0,39,0
390844,2015-05-08 16:60:57,direct_traffic,web,mac,1,59,0
500923,2015-04-18 01:60:42,ads-bing,mobile,iOS,0,39,0
975149,2015-05-07 09:60:49,ads_facebook,web,linux,0,39,0
199979,2015-04-25 07:60:24,direct_traffic,web,mac,1,59,0
341631,2015-03-06 12:60:40,ads-google,web,windows,0,39,0
256564,2015-05-22 11:60:25,direct_traffic,web,windows,0,39,0
290351,2015-03-20 15:60:13,seo-google,mobile,android,1,59,0
318285,2015-05-26 08:60:25,ads_facebook,web,mac,0,39,0
536131,2015-03-20 04:60:54,ads_other,web,mac,1,59,0
900253,2015-04-03 17:60:37,seo_facebook,mobile,other,0,39,1
938969,2015-05-14 08:60:49,ads-bing,web,windows,0,39,0
222744,2015-05-29 17:60:24,ads_facebook,mobile,iOS,0,39,0
760753,2015-03-05 11:60:17,friend_referral,web,windows,0,39,0
895463,2015-03-12 10:60:30,seo_facebook,mobile,iOS,0,39,0
171703,2015-04-20 12:60:05,direct_traffic,web,windows,1,59,0
415749,2015-05-02 09:60:58,ads_facebook,web,windows,1,59,0
427087,2015-04-24 11:60:31,seo-google,mobile,android,0,39,0
938469,2015-04-29 23:60:59,seo-other,mobile,other,1,59,0
457683,2015-04-30 05:60:01,seo-other,web,windows,0,39,0
445339,2015-05-30 10:60:06,seo_facebook,mobile,android,0,39,0
442831,2015-03-12 15:60:04,ads_facebook,web,mac,1,59,0
172490,2015-05-22 16:60:22,ads_other,web,windows,1,59,0
207303,2015-04-03 12:60:14,direct_traffic,mobile,android,1,59,0
341031,2015-04-02 08:60:10,ads-google,mobile,iOS,1,59,0
553879,2015-05-22 12:60:19,direct_traffic,mobile,android,1,59,0
213713,2015-05-30 09:60:35,ads-google,mobile,iOS,0,39,0
841300,2015-05-02 11:60:11,direct_traffic,mobile,iOS,1,59,0
861394,2015-05-21 12:60:38,ads_other,web,windows,0,39,0
953883,2015-04-28 08:60:32,seo_facebook,mobile,android,0,39,0
444158,2015-04-17 15:60:44,ads-bing,web,mac,0,39,0
542627,2015-03-07 02:60:04,seo-google,mobile,iOS,0,39,0
139143,2015-05-18 18:60:50,ads_other,web,windows,1,59,0
753123,2015-04-03 10:60:28,seo_facebook,mobile,android,0,39,0
820040,2015-05-31 12:60:24,seo_facebook,mobile,iOS,1,59,0
72797,2015-05-08 09:60:03,ads_facebook,mobile,iOS,1,59,0
15947,2015-03-06 06:60:35,ads_facebook,web,windows,1,59,0
951095,2015-05-03 13:60:04,ads_facebook,mobile,other,0,39,0
493741,2015-05-01 18:60:48,seo_facebook,web,windows,0,39,0
140045,2015-04-18 03:60:56,ads_facebook,web,windows,1,59,0
654340,2015-03-14 11:60:35,direct_traffic,web,windows,0,39,0
207683,2015-04-12 10:60:44,seo-google,web,windows,0,39,0
651467,2015-03-10 10:60:04,friend_referral,web,windows,0,39,0
502696,2015-04-18 13:60:04,friend_referral,mobile,android,0,39,0
698549,2015-05-05 13:60:45,ads-bing,mobile,other,0,39,0
785900,2015-05-15 10:60:47,ads_facebook,mobile,iOS,1,59,0
805104,2015-05-23 17:60:03,direct_traffic,web,windows,0,39,0
875913,2015-03-21 18:60:05,friend_referral,mobile,iOS,0,39,0
223249,2015-03-21 18:60:05,friend_referral,mobile,iOS,0,39,0
538790,2015-04-18 00:60:58,friend_referral,web,windows,1,59,0
776548,2015-05-14 13:60:25,ads-google,mobile,iOS,1,59,0
611661,2015-05-04 08:60:39,friend_referral,web,windows,0,39,0
717958,2015-03-08 17:60:05,ads_other,web,windows,1,59,0
769725,2015-03-06 01:60:06,ads_facebook,mobile,iOS,1,59,0
873039,2015-04-11 13:60:13,friend_referral,mobile,iOS,1,59,0
288205,2015-05-22 12:60:49,ads-google,mobile,iOS,0,39,0
465836,2015-03-02 11:60:13,seo-other,mobile,iOS,0,39,0
363677,2015-04-25 14:60:31,seo-google,mobile,iOS,0,39,0
869439,2015-05-06 09:60:41,ads-google,web,windows,0,39,0
979303,2015-04-17 17:60:43,ads_facebook,mobile,other,1,59,0
573567,2015-03-20 06:60:13,seo-google,web,windows,0,39,0
43355,2015-04-21 17:60:31,friend_referral,mobile,other,0,39,0
830679,2015-05-13 01:60:31,ads_facebook,mobile,android,1,59,0
549665,2015-05-31 12:60:23,friend_referral,web,windows,0,39,0
535510,2015-04-24 03:60:07,direct_traffic,mobile,other,1,59,0
922402,2015-05-22 21:60:58,seo-google,mobile,android,1,59,0
961155,2015-05-30 10:60:28,ads-google,mobile,android,0,39,0
666688,2015-03-26 09:60:51,friend_referral,mobile,android,0,39,0
661374,2015-04-13 18:60:48,seo_facebook,mobile,android,0,39,0
179892,2015-05-17 15:60:02,direct_traffic,mobile,android,0,39,0
672176,2015-05-08 19:60:55,seo-other,web,windows,0,39,0
312444,2015-03-29 16:60:14,ads-google,web,linux,0,39,0
449134,2015-03-31 11:60:39,seo_facebook,web,windows,0,39,0
246724,2015-05-29 10:60:22,direct_traffic,mobile,android,1,59,0
692750,2015-04-17 11:60:51,friend_referral,mobile,iOS,1,59,0
463073,2015-04-04 09:60:59,seo_facebook,web,windows,0,39,0
796334,2015-05-01 01:60:25,friend_referral,web,windows,1,59,0
883195,2015-04-24 11:60:14,ads-google,web,mac,0,39,0
153818,2015-04-04 07:60:56,seo-yahoo,web,mac,0,39,0
385456,2015-03-07 14:60:04,direct_traffic,mobile,android,0,39,0
254338,2015-03-14 19:60:47,direct_traffic,mobile,iOS,0,39,0
13053,2015-03-30 19:60:56,ads_facebook,web,windows,1,59,0
58070,2015-05-15 12:60:28,ads_facebook,mobile,iOS,0,39,0
187095,2015-03-31 10:60:43,seo-google,web,mac,0,39,1
509811,2015-05-08 16:60:10,friend_referral,web,windows,0,39,0
426055,2015-04-03 07:60:21,ads-yahoo,mobile,iOS,0,39,0
667710,2015-04-05 11:60:34,ads_facebook,mobile,iOS,1,59,0
908570,2015-03-14 09:60:04,ads_other,mobile,iOS,0,39,0
242310,2015-04-24 17:60:45,seo-other,web,windows,1,59,0
285961,2015-05-09 07:60:45,ads-google,web,windows,1,59,0
805467,2015-05-30 09:60:21,ads_other,mobile,iOS,0,39,0
687119,2015-04-23 15:60:47,ads_facebook,mobile,android,1,59,0
68933,2015-04-24 18:60:59,direct_traffic,web,windows,0,39,0
241138,2015-05-17 18:60:39,direct_traffic,mobile,other,1,59,0
543197,2015-04-18 11:60:27,direct_traffic,web,windows,1,59,0
566122,2015-04-24 15:60:32,seo-google,web,mac,0,39,0
568261,2015-03-21 12:60:38,seo-google,web,windows,0,39,0
340796,2015-05-31 08:60:23,ads_other,mobile,iOS,1,59,0
7786,2015-05-17 18:60:39,direct_traffic,mobile,other,1,59,0
485261,2015-05-08 08:60:22,ads-google,web,windows,0,39,0
210876,2015-05-22 11:60:34,ads-yahoo,web,windows,0,39,0
589444,2015-05-22 00:60:14,seo_facebook,web,windows,0,39,0
259825,2015-05-29 05:60:60,direct_traffic,web,windows,0,39,0
423961,2015-04-05 19:60:28,direct_traffic,mobile,android,0,39,0
284953,2015-04-08 15:60:58,ads-google,mobile,iOS,1,59,0
782687,2015-03-08 10:60:59,direct_traffic,mobile,android,0,39,0
517886,2015-04-22 08:60:18,ads_facebook,web,mac,1,59,0
548083,2015-03-21 17:60:18,direct_traffic,mobile,iOS,0,39,0
142774,2015-03-09 12:60:27,ads_facebook,web,windows,0,39,0
467639,2015-04-12 09:60:53,ads-yahoo,mobile,iOS,0,39,1
872898,2015-05-15 12:60:01,seo-yahoo,mobile,android,0,39,0
157080,2015-05-15 21:60:43,ads-yahoo,web,windows,1,59,0
548713,2015-03-12 01:60:14,direct_traffic,web,windows,1,59,0
493882,2015-04-10 05:60:09,direct_traffic,mobile,android,0,39,0
551690,2015-04-16 14:60:29,direct_traffic,web,windows,0,39,0
917048,2015-04-17 14:60:37,ads_other,mobile,android,0,39,0
314835,2015-04-08 14:60:49,ads-google,mobile,android,0,39,0
744037,2015-03-08 07:60:23,ads_facebook,web,windows,1,59,0
521493,2015-04-25 23:60:23,ads_facebook,mobile,iOS,0,39,0
741485,2015-05-15 08:60:15,ads-yahoo,mobile,android,1,59,0
323734,2015-04-12 17:60:09,ads-bing,web,windows,0,39,0
383604,2015-03-23 11:60:18,ads-google,web,mac,0,39,0
8600,2015-05-21 11:60:56,ads-google,web,windows,0,39,0
418478,2015-04-04 08:60:57,ads_facebook,web,windows,0,39,0
481461,2015-04-17 04:60:54,seo-other,web,windows,0,39,0
273875,2015-04-17 12:60:26,direct_traffic,mobile,android,0,39,0
291256,2015-05-31 10:60:34,direct_traffic,mobile,iOS,0,39,0
806361,2015-04-12 09:60:50,seo-yahoo,mobile,android,1,59,0
958866,2015-05-16 12:60:44,direct_traffic,mobile,other,1,59,0
749415,2015-04-23 17:60:34,ads-google,mobile,iOS,0,39,0
729091,2015-04-17 09:60:41,ads_other,mobile,other,0,39,0
961475,2015-05-15 13:60:53,ads_facebook,web,windows,1,59,0
574985,2015-05-30 11:60:05,friend_referral,mobile,android,0,39,0
989248,2015-03-07 10:60:45,seo_facebook,mobile,iOS,0,39,0
883199,2015-04-06 21:60:44,direct_traffic,mobile,android,1,59,0
116595,2015-05-29 20:60:21,ads-bing,mobile,android,1,59,0
588635,2015-05-14 16:60:41,friend_referral,web,windows,1,59,0
733612,2015-04-03 18:60:05,ads-google,mobile,android,0,39,0
33053,2015-05-30 16:60:25,direct_traffic,mobile,android,0,39,0
221150,2015-03-21 18:60:37,ads-google,mobile,android,0,39,0
58922,2015-04-10 20:60:59,direct_traffic,web,mac,0,39,0
364267,2015-03-14 05:60:29,seo-google,mobile,iOS,0,39,0
189081,2015-03-20 15:60:02,direct_traffic,web,windows,0,39,0
930686,2015-04-18 07:60:38,ads-google,mobile,iOS,0,39,0
802561,2015-05-26 23:60:46,seo_facebook,web,mac,0,39,0
401519,2015-03-26 10:60:26,ads_other,mobile,iOS,1,59,0
77824,2015-05-12 02:60:18,ads-google,mobile,android,1,59,0
221222,2015-04-04 08:60:31,direct_traffic,web,windows,0,39,0
364940,2015-05-09 10:60:41,ads-yahoo,mobile,iOS,1,59,0
381847,2015-04-15 07:60:16,direct_traffic,web,mac,0,39,0
459032,2015-04-21 08:60:57,ads-bing,mobile,iOS,0,39,0
42208,2015-04-17 14:60:37,ads_other,mobile,android,0,39,0
57627,2015-04-04 05:60:46,direct_traffic,mobile,iOS,1,59,0
944103,2015-05-17 03:60:32,ads-google,web,windows,0,39,0
218964,2015-04-26 07:60:23,ads-google,mobile,android,0,39,0
284526,2015-04-20 12:60:20,ads-google,mobile,android,0,39,0
940279,2015-05-01 11:60:54,friend_referral,mobile,android,0,39,0
558634,2015-03-14 11:60:35,direct_traffic,web,windows,0,39,0
250781,2015-05-09 10:60:07,ads-google,mobile,android,0,39,0
866296,2015-05-14 13:60:25,ads-google,mobile,iOS,1,59,0
44829,2015-03-28 11:60:56,ads_facebook,web,linux,0,39,0
462054,2015-04-11 10:60:38,seo-other,mobile,iOS,0,39,0
556605,2015-04-18 12:60:05,direct_traffic,mobile,android,0,39,0
289745,2015-03-14 11:60:37,friend_referral,mobile,iOS,0,39,0
912280,2015-03-05 17:60:01,direct_traffic,web,windows,0,39,0
424121,2015-05-31 08:60:12,ads-yahoo,mobile,android,1,59,0
756655,2015-03-02 12:60:12,direct_traffic,mobile,android,0,39,0
97218,2015-05-19 11:60:10,ads_other,mobile,android,1,59,0
229925,2015-04-16 19:60:11,seo-other,web,mac,1,59,0
928185,2015-03-07 14:60:44,friend_referral,web,linux,0,39,0
250037,2015-05-17 17:60:59,ads_facebook,mobile,iOS,0,39,0
607334,2015-05-08 13:60:38,direct_traffic,web,linux,1,59,0
576718,2015-05-02 04:60:03,ads-google,web,mac,0,39,0
567525,2015-05-15 14:60:19,direct_traffic,web,mac,1,59,0
4966,2015-04-03 12:60:16,ads_facebook,mobile,android,0,39,0
840712,2015-03-07 22:60:29,ads_facebook,web,mac,0,39,0
71156,2015-03-20 15:60:27,direct_traffic,mobile,iOS,0,39,0
386875,2015-04-20 09:60:54,ads_facebook,mobile,iOS,1,59,0
142748,2015-03-28 17:60:46,ads-google,mobile,iOS,0,39,0
79226,2015-04-05 12:60:27,seo_facebook,web,windows,1,59,0
66420,2015-03-31 12:60:19,ads_facebook,web,linux,1,59,0
334009,2015-04-19 09:60:20,direct_traffic,mobile,android,0,39,0
364252,2015-03-05 10:60:50,ads_facebook,mobile,android,1,59,0
552578,2015-05-09 04:60:40,direct_traffic,mobile,android,0,39,0
23624,2015-03-31 06:60:50,direct_traffic,mobile,iOS,0,39,0
387902,2015-05-03 09:60:56,ads_facebook,mobile,iOS,0,39,0
712190,2015-05-29 12:60:37,direct_traffic,web,windows,0,39,0
493819,2015-05-17 12:60:47,ads-google,mobile,android,1,59,0
347987,2015-03-29 14:60:29,seo-google,mobile,other,0,39,0
948678,2015-05-17 12:60:40,seo-other,mobile,iOS,1,59,0
307940,2015-05-17 12:60:47,ads-google,mobile,android,1,59,0
427295,2015-03-20 17:60:18,ads_facebook,mobile,android,0,39,0
242618,2015-03-07 12:60:02,ads_other,mobile,iOS,0,39,0
430230,2015-05-14 08:60:49,ads-bing,web,windows,0,39,0
399354,2015-04-16 14:60:47,direct_traffic,web,windows,0,39,0
36285,2015-04-26 23:60:39,ads_facebook,mobile,iOS,0,39,0
410836,2015-03-08 14:60:09,ads-bing,mobile,iOS,0,39,0
166376,2015-05-15 15:60:60,ads-google,mobile,android,0,39,0
440131,2015-03-14 11:60:35,direct_traffic,web,windows,0,39,0
499170,2015-04-11 12:60:50,direct_traffic,web,windows,1,59,0
62827,2015-03-20 05:60:49,ads_facebook,mobile,other,1,59,0
590045,2015-04-10 10:60:48,direct_traffic,web,windows,1,59,0
454960,2015-04-11 16:60:36,ads-google,mobile,android,0,39,0
500730,2015-04-20 11:60:46,ads-google,mobile,android,1,59,0
51910,2015-05-11 10:60:06,ads-bing,mobile,other,0,39,0
678973,2015-05-01 17:60:40,ads-google,mobile,other,1,59,0
26811,2015-04-03 11:60:14,direct_traffic,mobile,iOS,0,39,0
167115,2015-04-24 08:60:08,ads_other,web,mac,0,39,0
19780,2015-03-06 04:60:34,seo-other,web,mac,0,39,0
224765,2015-03-20 11:60:55,ads-bing,web,windows,1,59,0
799495,2015-05-22 05:60:04,ads_other,web,windows,0,39,0
138601,2015-05-31 01:60:26,seo_facebook,web,windows,0,39,0
567360,2015-04-04 14:60:24,ads_facebook,mobile,iOS,0,39,0
166121,2015-03-06 11:60:23,ads-yahoo,mobile,android,0,39,0
68000,2015-03-21 18:60:44,ads_other,mobile,android,0,39,0
429269,2015-03-28 09:60:23,direct_traffic,web,windows,0,39,0
773825,2015-05-10 01:60:31,seo_facebook,web,windows,0,39,0
655673,2015-04-27 12:60:48,ads_facebook,mobile,other,1,59,0
601808,2015-05-17 11:60:27,seo_facebook,web,windows,0,39,0
327766,2015-05-17 16:60:47,seo_facebook,mobile,iOS,1,59,0
320340,2015-05-21 16:60:20,ads_facebook,web,windows,0,39,0
704851,2015-03-03 15:60:17,ads-google,mobile,android,1,59,0
295487,2015-04-03 10:60:03,seo-google,web,windows,0,39,0
408132,2015-03-07 14:60:08,ads-google,mobile,iOS,1,59,1
521211,2015-04-03 17:60:30,direct_traffic,web,windows,0,39,0
141553,2015-05-03 12:60:18,ads-google,mobile,android,0,39,0
544316,2015-03-24 10:60:39,direct_traffic,web,windows,1,59,0
971008,2015-04-17 14:60:39,seo-bing,web,windows,1,59,0
242247,2015-03-21 11:60:24,ads_facebook,web,windows,0,39,0
13845,2015-04-14 09:60:31,ads-google,web,windows,1,59,0
922097,2015-05-29 05:60:60,direct_traffic,web,windows,0,39,0
610020,2015-04-19 07:60:60,ads-google,mobile,iOS,0,39,0
840398,2015-03-22 08:60:56,seo-yahoo,web,mac,0,39,0
717417,2015-04-04 04:60:17,friend_referral,mobile,android,0,39,0
450261,2015-05-17 11:60:23,ads-google,mobile,iOS,0,39,0
966823,2015-05-04 01:60:47,direct_traffic,mobile,other,0,39,0
810678,2015-04-11 11:60:39,ads-bing,web,windows,0,39,0
461031,2015-04-27 12:60:39,ads_facebook,web,windows,0,39,0
840705,2015-03-18 12:60:05,ads-google,mobile,android,0,39,0
416435,2015-03-07 03:60:41,seo-google,web,windows,0,39,0
377642,2015-03-26 07:60:58,seo-google,mobile,android,0,39,0
579440,2015-03-14 11:60:51,seo_facebook,mobile,android,0,39,0
738421,2015-04-09 19:60:05,ads_other,mobile,other,0,39,0
928776,2015-04-18 11:60:26,direct_traffic,web,windows,0,39,0
387111,2015-04-17 13:60:40,ads_other,web,mac,1,59,0
303416,2015-05-25 17:60:09,seo_facebook,mobile,android,1,59,0
658899,2015-03-21 08:60:42,seo-other,web,windows,1,59,0
310188,2015-03-19 12:60:10,friend_referral,mobile,iOS,0,39,0
868501,2015-03-26 06:60:25,ads_other,web,windows,0,39,0
719209,2015-03-08 14:60:09,ads-bing,mobile,iOS,0,39,0
54307,2015-03-08 07:60:52,seo-google,mobile,android,0,39,0
910933,2015-05-22 12:60:11,ads-google,mobile,android,1,59,0
993627,2015-04-04 12:60:06,seo-google,mobile,iOS,0,39,0
330957,2015-04-21 04:60:06,ads-google,mobile,android,0,39,1
178282,2015-04-17 09:60:41,ads_other,mobile,other,0,39,0
503424,2015-04-05 19:60:28,direct_traffic,mobile,android,0,39,0
168082,2015-05-09 10:60:41,ads-yahoo,mobile,iOS,1,59,0
201460,2015-04-18 07:60:56,seo_facebook,mobile,android,0,39,0
313094,2015-04-03 10:60:03,seo-google,web,windows,0,39,0
622918,2015-03-06 12:60:19,ads_facebook,mobile,android,1,59,0
33116,2015-05-16 12:60:48,ads_facebook,mobile,android,0,39,0
969633,2015-05-30 13:60:60,ads-google,web,mac,0,39,0
730117,2015-05-22 13:60:20,seo-google,mobile,iOS,0,39,0
111891,2015-05-24 20:60:21,ads-bing,web,mac,0,39,0
846392,2015-03-19 12:60:20,friend_referral,mobile,iOS,1,59,0
85726,2015-03-06 19:60:49,seo-google,mobile,android,0,39,0
177824,2015-04-16 09:60:33,direct_traffic,mobile,android,0,39,0
177433,2015-04-10 17:60:58,ads-google,mobile,iOS,0,39,0
662429,2015-03-07 12:60:32,seo-google,mobile,iOS,1,59,0
414731,2015-04-30 12:60:23,seo_facebook,mobile,android,0,39,0
588694,2015-05-17 11:60:11,seo-google,web,windows,0,39,0
707032,2015-05-30 10:60:32,friend_referral,web,windows,1,59,0
118126,2015-05-09 12:60:14,ads_other,mobile,android,1,59,0
321069,2015-05-21 10:60:45,ads-google,mobile,iOS,0,39,0
178710,2015-04-11 09:60:18,direct_traffic,mobile,android,1,59,0
684464,2015-03-14 09:60:24,ads_facebook,web,windows,1,59,0
329621,2015-05-28 10:60:12,ads-google,web,windows,0,39,0
961206,2015-05-25 13:60:59,direct_traffic,mobile,iOS,0,39,0
292268,2015-03-16 23:60:26,friend_referral,web,windows,0,39,0
657926,2015-03-14 08:60:54,ads-google,web,windows,0,39,0
321959,2015-04-25 19:60:51,friend_referral,web,windows,0,39,0
212054,2015-04-14 09:60:31,ads-google,web,windows,1,59,0
48587,2015-05-31 10:60:34,direct_traffic,mobile,iOS,0,39,0
2819,2015-03-02 14:60:14,ads-google,web,windows,1,59,0
718309,2015-03-28 10:60:35,seo-google,mobile,android,0,39,0
463561,2015-05-23 22:60:12,friend_referral,mobile,other,0,39,0
283386,2015-05-07 14:60:57,ads-google,mobile,other,0,39,0
727202,2015-04-12 10:60:44,seo-google,web,windows,0,39,0
73841,2015-03-21 11:60:06,ads-google,mobile,android,1,59,0
83677,2015-05-15 07:60:57,ads-google,mobile,iOS,0,39,0
757461,2015-03-26 01:60:08,direct_traffic,mobile,other,0,39,0
835675,2015-04-10 23:60:03,direct_traffic,mobile,iOS,0,39,0
230013,2015-03-14 10:60:37,seo_facebook,web,windows,0,39,0
624503,2015-04-05 11:60:34,ads_facebook,mobile,iOS,1,59,0
534321,2015-04-03 20:60:21,ads-google,web,windows,1,59,0
140604,2015-04-05 11:60:01,ads_facebook,mobile,iOS,0,39,0
249552,2015-05-22 11:60:25,direct_traffic,web,windows,0,39,0
898271,2015-04-24 14:60:58,seo-google,web,windows,0,39,0
286776,2015-04-03 12:60:13,ads-bing,mobile,android,0,39,0
934518,2015-05-31 12:60:49,seo-google,web,windows,0,39,0
518800,2015-04-09 08:60:55,seo-yahoo,web,windows,0,39,0
395188,2015-03-28 14:60:39,ads-google,web,mac,1,59,0
366470,2015-04-18 06:60:19,ads_facebook,web,mac,0,39,0
758569,2015-04-03 09:60:20,ads-bing,mobile,android,0,39,0
404496,2015-05-08 10:60:38,seo-google,web,windows,1,59,0
741770,2015-05-30 10:60:32,friend_referral,web,windows,1,59,0
959503,2015-05-29 18:60:30,seo-google,mobile,android,1,59,0
682685,2015-03-06 21:60:30,ads_facebook,web,windows,1,59,0
288862,2015-05-16 12:60:48,ads_facebook,mobile,android,0,39,0
136643,2015-03-05 04:60:29,seo-other,web,windows,0,39,0
993663,2015-05-02 13:60:28,ads_other,web,windows,0,39,0
79185,2015-05-08 10:60:38,seo-google,web,windows,1,59,0
318405,2015-05-15 20:60:51,direct_traffic,web,windows,1,59,0
373437,2015-03-28 18:60:26,ads_facebook,web,mac,0,39,0
216603,2015-04-27 08:60:30,ads_facebook,web,windows,0,39,0
320576,2015-05-10 01:60:31,seo_facebook,web,windows,0,39,0
424980,2015-03-20 09:60:34,ads_other,web,windows,0,39,0
583262,2015-05-29 05:60:08,seo-google,mobile,android,0,39,0
770072,2015-05-23 19:60:16,ads-google,web,windows,0,39,0
795730,2015-04-06 17:60:54,friend_referral,web,windows,0,39,0
767275,2015-05-11 16:60:02,seo-bing,web,windows,0,39,0
459503,2015-03-20 15:60:13,seo-google,mobile,android,1,59,0
784036,2015-03-07 11:60:53,ads-bing,web,windows,0,39,0
235303,2015-04-24 14:60:03,ads-google,mobile,iOS,0,39,0
46443,2015-04-10 00:60:49,ads-google,mobile,iOS,0,39,0
922563,2015-05-14 12:60:04,ads_facebook,mobile,iOS,0,39,0
251152,2015-04-24 08:60:17,seo_facebook,web,windows,1,59,0
221457,2015-03-10 17:60:43,ads-google,mobile,iOS,0,39,1
627352,2015-05-30 15:60:47,seo-google,mobile,iOS,0,39,0
182611,2015-04-02 11:60:35,friend_referral,mobile,iOS,0,39,0
908292,2015-05-23 10:60:22,direct_traffic,web,windows,0,39,0
904628,2015-05-02 08:60:10,direct_traffic,mobile,android,0,39,0
809244,2015-04-28 08:60:32,seo_facebook,mobile,android,0,39,0
307001,2015-03-19 00:60:55,ads_other,web,windows,0,39,0
470819,2015-04-24 10:60:40,ads-google,web,windows,0,39,0
560737,2015-04-04 18:60:30,seo-bing,mobile,iOS,1,59,0
440147,2015-04-24 11:60:14,ads_facebook,mobile,android,1,59,0
424717,2015-05-09 12:60:35,ads_other,mobile,android,0,39,0
781016,2015-04-30 10:60:25,ads_other,web,windows,1,59,0
442231,2015-04-18 12:60:05,direct_traffic,mobile,android,0,39,0
390602,2015-05-08 20:60:47,ads_facebook,mobile,iOS,0,39,0
417889,2015-04-30 08:60:45,seo-google,mobile,iOS,1,59,0
808498,2015-04-10 13:60:20,direct_traffic,web,windows,0,39,0
970477,2015-03-27 17:60:04,ads-google,mobile,android,1,59,0
939456,2015-03-14 18:60:34,direct_traffic,mobile,iOS,0,39,0
614914,2015-05-09 08:60:52,friend_referral,mobile,iOS,0,39,0
655325,2015-04-24 18:60:02,direct_traffic,mobile,android,0,39,0
578344,2015-04-08 17:60:44,ads-google,mobile,android,0,39,0
20443,2015-04-24 15:60:22,direct_traffic,mobile,android,0,39,0
785221,2015-04-03 13:60:02,seo-google,mobile,android,0,39,0
62951,2015-03-13 12:60:57,ads_facebook,web,windows,0,39,0
347553,2015-05-22 11:60:25,direct_traffic,web,windows,0,39,0
975879,2015-05-08 16:60:57,direct_traffic,web,mac,1,59,0
80161,2015-03-25 05:60:19,seo-yahoo,web,windows,0,39,0
729773,2015-03-29 15:60:18,ads_facebook,mobile,iOS,1,59,0
271210,2015-05-29 16:60:26,friend_referral,mobile,iOS,0,39,0
548640,2015-03-10 15:60:56,ads-yahoo,mobile,iOS,0,39,0
176599,2015-05-29 09:60:17,direct_traffic,web,mac,1,59,0
895298,2015-03-28 08:60:25,ads-google,mobile,android,0,39,0
259351,2015-03-14 10:60:05,direct_traffic,mobile,android,0,39,0
864806,2015-03-28 14:60:16,direct_traffic,mobile,iOS,0,39,0
403063,2015-04-17 17:60:32,ads_facebook,mobile,android,0,39,0
819177,2015-04-10 14:60:42,ads_facebook,mobile,other,1,59,0
949132,2015-05-07 17:60:49,ads-google,mobile,iOS,1,59,0
170055,2015-05-22 09:60:22,seo-other,mobile,android,0,39,0
727632,2015-05-15 17:60:40,ads-google,web,windows,1,59,0
615563,2015-04-17 21:60:08,ads_facebook,mobile,android,1,59,0
313396,2015-04-26 03:60:44,friend_referral,mobile,android,0,39,0
85769,2015-05-18 03:60:11,ads_facebook,web,windows,0,39,0
313646,2015-03-04 00:60:36,friend_referral,mobile,android,1,59,0
236328,2015-03-12 12:60:20,seo-google,mobile,iOS,0,39,0
168952,2015-05-17 05:60:17,friend_referral,web,windows,1,59,0
767243,2015-05-31 08:60:12,ads-yahoo,mobile,android,1,59,0
478668,2015-03-29 16:60:14,ads-google,web,linux,0,39,0
569682,2015-05-08 17:60:08,ads_facebook,web,windows,0,39,0
962878,2015-03-26 15:60:19,ads-google,mobile,android,0,39,0
899052,2015-05-22 17:60:01,ads-bing,mobile,android,0,39,0
474381,2015-03-08 13:60:11,ads_facebook,mobile,iOS,1,59,1
713275,2015-03-20 15:60:13,seo-google,mobile,android,1,59,0
656221,2015-03-06 09:60:59,ads-google,web,windows,1,59,0
446395,2015-05-16 12:60:59,ads-yahoo,web,linux,1,59,0
720803,2015-05-15 15:60:28,seo-yahoo,mobile,iOS,0,39,0
904450,2015-04-25 19:60:51,friend_referral,web,windows,0,39,0
359033,2015-05-12 10:60:34,ads-google,web,windows,0,39,0
962485,2015-05-07 12:60:21,ads-bing,mobile,iOS,1,59,0
275562,2015-04-10 17:60:38,ads_facebook,mobile,iOS,1,59,0
886236,2015-04-07 12:60:33,direct_traffic,web,linux,0,39,0
540967,2015-04-04 10:60:24,direct_traffic,web,windows,1,59,0
554575,2015-04-25 11:60:17,ads_facebook,mobile,iOS,0,39,0
858799,2015-05-03 09:60:03,direct_traffic,mobile,other,0,39,0
694552,2015-03-14 17:60:57,direct_traffic,mobile,android,1,59,0
4515,2015-04-06 17:60:20,friend_referral,web,mac,1,59,0
584623,2015-03-14 07:60:07,direct_traffic,mobile,iOS,0,39,0
234191,2015-04-10 02:60:55,ads-yahoo,web,windows,0,39,0
713860,2015-05-07 12:60:26,direct_traffic,web,windows,0,39,0
457724,2015-05-09 23:60:51,ads-google,mobile,iOS,0,39,0
495256,2015-04-11 07:60:19,ads_facebook,mobile,android,0,39,0
361735,2015-04-24 10:60:16,seo-google,web,windows,1,59,0
282442,2015-05-16 12:60:20,ads-google,web,windows,1,59,0
977498,2015-04-21 12:60:40,direct_traffic,mobile,iOS,0,39,0
75657,2015-05-31 03:60:01,ads-google,mobile,iOS,0,39,0
263917,2015-04-07 16:60:42,ads-google,mobile,iOS,0,39,0
818049,2015-04-11 13:60:13,friend_referral,mobile,iOS,1,59,0
598470,2015-05-01 12:60:09,ads_facebook,mobile,android,1,59,0
893741,2015-03-12 01:60:14,direct_traffic,web,windows,1,59,0
745410,2015-03-28 18:60:33,ads-bing,mobile,android,0,39,0
887176,2015-04-04 10:60:04,ads-google,mobile,other,0,39,0
194397,2015-05-28 11:60:42,direct_traffic,web,windows,0,39,0
131809,2015-03-08 14:60:20,ads-bing,mobile,other,1,59,0
467976,2015-03-08 10:60:44,ads-google,mobile,iOS,0,39,0
848526,2015-03-28 13:60:36,seo_facebook,mobile,android,1,59,0
585635,2015-04-24 11:60:14,ads-google,web,mac,0,39,0
215762,2015-04-04 05:60:43,direct_traffic,mobile,iOS,1,59,0
11639,2015-04-19 06:60:26,ads-google,web,mac,0,39,0
145734,2015-03-20 03:60:24,ads_facebook,web,windows,0,39,0
67940,2015-05-23 10:60:22,direct_traffic,web,windows,0,39,0
705613,2015-05-11 14:60:26,ads-google,web,mac,1,59,0
367089,2015-04-25 18:60:08,seo-bing,web,windows,0,39,0
978837,2015-04-29 22:60:54,ads-google,mobile,android,1,59,0
763907,2015-05-12 02:60:18,ads-google,mobile,android,1,59,0
604985,2015-04-10 09:60:01,ads_other,web,windows,1,59,0
519221,2015-03-21 12:60:37,direct_traffic,web,windows,0,39,0
136491,2015-04-25 14:60:19,ads-google,mobile,iOS,0,39,0
648926,2015-04-17 11:60:59,direct_traffic,mobile,android,0,39,0
557651,2015-05-14 14:60:13,ads-google,web,windows,0,39,0
140081,2015-04-10 07:60:39,seo-google,mobile,iOS,0,39,0
994682,2015-05-29 11:60:23,ads-google,mobile,iOS,0,39,0
629396,2015-03-14 13:60:37,direct_traffic,mobile,iOS,1,59,0
369721,2015-03-27 17:60:04,ads-google,mobile,android,1,59,0
347038,2015-04-11 13:60:45,ads_facebook,mobile,android,0,39,0
441694,2015-03-18 09:60:37,ads-google,mobile,android,0,39,0
328506,2015-05-12 12:60:04,ads_other,mobile,android,0,39,0
248182,2015-03-22 14:60:36,ads_other,web,mac,0,39,0
790169,2015-03-29 19:60:09,ads_facebook,web,windows,0,39,0
579040,2015-04-14 12:60:43,direct_traffic,mobile,iOS,1,59,0
352508,2015-04-03 10:60:11,friend_referral,web,windows,0,39,0
713245,2015-04-26 19:60:32,direct_traffic,mobile,android,0,39,0
989815,2015-03-20 10:60:18,ads-google,web,windows,0,39,0
407654,2015-03-13 03:60:56,ads_facebook,mobile,iOS,1,59,0
935153,2015-03-29 16:60:18,seo_facebook,mobile,iOS,1,59,0
736131,2015-04-03 12:60:32,seo-google,mobile,android,0,39,0
991837,2015-04-17 16:60:48,ads_facebook,web,windows,0,39,0
884124,2015-05-16 17:60:39,friend_referral,mobile,iOS,1,59,0
526126,2015-03-20 16:60:36,ads-google,mobile,android,0,39,0
90556,2015-03-12 10:60:53,ads_facebook,mobile,android,0,39,0
603320,2015-05-09 12:60:14,ads_other,mobile,android,1,59,0
284810,2015-04-10 10:60:48,direct_traffic,web,windows,1,59,0
54111,2015-03-08 10:60:44,ads-google,mobile,iOS,0,39,0
409051,2015-05-01 17:60:40,ads-google,mobile,other,1,59,0
635141,2015-05-29 22:60:21,ads-bing,mobile,android,0,39,0
509445,2015-04-03 18:60:53,ads_other,web,windows,0,39,0
481890,2015-03-05 11:60:17,friend_referral,web,windows,0,39,0
92141,2015-03-31 10:60:19,direct_traffic,web,windows,0,39,0
552658,2015-03-06 09:60:30,direct_traffic,mobile,iOS,0,39,0
960510,2015-05-29 16:60:26,friend_referral,mobile,iOS,0,39,0
39104,2015-05-21 13:60:19,direct_traffic,web,windows,0,39,0
587344,2015-05-08 09:60:03,ads_facebook,mobile,iOS,1,59,0
72056,2015-05-29 12:60:59,ads_other,web,windows,0,39,0
114983,2015-04-30 10:60:50,friend_referral,mobile,iOS,1,59,0
282937,2015-05-10 13:60:25,ads-bing,mobile,iOS,0,39,0
120120,2015-05-16 14:60:33,seo-google,web,mac,0,39,0
823527,2015-04-10 11:60:29,ads_other,web,windows,1,59,0
630967,2015-04-18 11:60:47,seo_facebook,mobile,iOS,0,39,0
186252,2015-05-29 18:60:52,ads-yahoo,web,windows,1,59,0
607385,2015-04-30 14:60:11,ads-google,web,windows,1,59,0
475546,2015-05-05 06:60:52,direct_traffic,mobile,iOS,0,39,0
672643,2015-05-08 14:60:36,ads-google,web,windows,0,39,0
169061,2015-05-16 17:60:19,seo_facebook,mobile,android,0,39,0
218906,2015-05-29 10:60:11,ads-google,mobile,other,1,59,0
98273,2015-04-03 18:60:05,ads-google,mobile,android,0,39,0
345118,2015-03-27 08:60:31,ads-google,mobile,android,0,39,0
790669,2015-05-17 17:60:59,ads_facebook,mobile,iOS,0,39,0
453382,2015-04-09 00:60:27,ads-yahoo,mobile,android,0,39,0
908414,2015-03-28 06:60:26,seo-yahoo,web,windows,1,59,0
859644,2015-05-17 12:60:33,seo_facebook,mobile,android,0,39,0
281792,2015-04-05 11:60:33,ads-bing,web,windows,0,39,0
537589,2015-05-04 11:60:04,seo-google,web,windows,0,39,0
54161,2015-05-20 15:60:39,direct_traffic,web,windows,0,39,0
659866,2015-04-12 09:60:50,ads_facebook,mobile,iOS,0,39,0
570316,2015-04-25 11:60:02,ads_facebook,mobile,iOS,0,39,0
243410,2015-03-06 17:60:56,direct_traffic,web,windows,1,59,0
449545,2015-03-19 11:60:54,ads_facebook,mobile,android,0,39,0
895434,2015-04-30 13:60:20,ads-google,web,mac,0,39,0
433660,2015-05-15 07:60:57,ads-google,mobile,iOS,0,39,0
725679,2015-05-28 18:60:23,seo-other,web,windows,1,59,0
907120,2015-05-25 18:60:11,seo-google,web,windows,0,39,0
308208,2015-04-24 12:60:42,direct_traffic,web,windows,0,39,0
804701,2015-03-20 11:60:15,ads-google,web,mac,0,39,0
107927,2015-05-16 09:60:54,ads_facebook,mobile,android,1,59,0
342600,2015-04-08 17:60:32,direct_traffic,mobile,android,0,39,0
727615,2015-05-29 06:60:01,seo-other,mobile,android,0,39,0
880213,2015-05-29 13:60:17,seo_facebook,mobile,android,0,39,0
27907,2015-04-23 17:60:34,ads-google,mobile,iOS,0,39,0
820546,2015-03-19 22:60:30,friend_referral,mobile,iOS,1,59,0
990064,2015-05-11 16:60:22,ads-bing,mobile,iOS,0,39,0
897442,2015-04-25 04:60:07,ads-google,web,windows,0,39,0
411962,2015-05-09 08:60:07,seo_facebook,mobile,iOS,0,39,0
404641,2015-05-15 08:60:54,friend_referral,mobile,iOS,1,59,0
842583,2015-03-20 06:60:13,seo-google,web,windows,0,39,0
989767,2015-04-01 07:60:08,seo_facebook,mobile,iOS,1,59,0
799381,2015-04-27 12:60:48,ads_facebook,mobile,other,1,59,0
189905,2015-05-31 14:60:53,seo_facebook,mobile,android,0,39,0
751666,2015-03-13 23:60:10,direct_traffic,mobile,android,1,59,0
778361,2015-04-23 10:60:18,ads-google,mobile,android,1,59,0
442299,2015-03-15 03:60:43,direct_traffic,mobile,iOS,0,39,0
247471,2015-05-13 10:60:41,ads_facebook,web,windows,0,39,0
874536,2015-03-19 13:60:31,ads-bing,mobile,other,1,59,0
57835,2015-03-17 17:60:32,direct_traffic,mobile,android,0,39,0
885305,2015-03-21 23:60:47,seo-other,mobile,android,0,39,0
924401,2015-05-01 22:60:56,direct_traffic,mobile,iOS,1,59,0
941920,2015-03-20 10:60:48,ads-bing,mobile,iOS,1,59,0
187865,2015-03-17 14:60:28,direct_traffic,web,windows,0,39,0
862200,2015-03-28 01:60:32,ads_other,mobile,android,1,59,0
262773,2015-04-18 12:60:13,direct_traffic,mobile,iOS,1,59,0
818326,2015-04-30 01:60:10,ads_facebook,mobile,iOS,0,39,0
489134,2015-03-07 01:60:16,friend_referral,web,windows,1,59,0
386347,2015-04-25 09:60:02,ads-bing,mobile,android,1,59,0
732369,2015-04-16 08:60:28,direct_traffic,web,mac,0,39,0
123997,2015-03-30 07:60:35,direct_traffic,web,windows,0,39,0
2988,2015-04-30 09:60:04,direct_traffic,mobile,other,0,39,0
400905,2015-05-17 03:60:32,ads-google,web,windows,0,39,0
961583,2015-04-19 12:60:28,ads_facebook,web,windows,0,39,0
565220,2015-04-02 11:60:49,ads-google,web,mac,1,59,0
77234,2015-05-29 04:60:45,ads_facebook,mobile,android,1,59,0
480147,2015-05-10 18:60:25,seo_facebook,web,windows,1,59,0
702817,2015-04-29 00:60:41,ads_facebook,mobile,iOS,0,39,0
909477,2015-05-24 21:60:16,seo-google,mobile,android,1,59,0
645965,2015-03-27 17:60:22,ads-google,web,windows,1,59,0
238660,2015-04-17 10:60:57,seo_facebook,web,windows,0,39,1
298715,2015-05-31 15:60:26,seo-google,mobile,iOS,0,39,0
575481,2015-04-04 09:60:28,friend_referral,mobile,android,1,59,0
284433,2015-05-09 16:60:10,seo-bing,mobile,iOS,0,39,0
645313,2015-05-29 10:60:40,seo-other,mobile,iOS,0,39,0
572470,2015-05-13 01:60:06,ads_facebook,web,windows,0,39,0
372210,2015-03-21 11:60:22,seo_facebook,web,windows,0,39,0
293479,2015-04-13 14:60:02,direct_traffic,mobile,android,0,39,1
337747,2015-04-25 09:60:33,ads_facebook,web,windows,0,39,0
13081,2015-05-22 10:60:27,ads_facebook,mobile,iOS,0,39,0
899942,2015-04-01 00:60:02,seo_facebook,web,windows,0,39,0
766138,2015-05-23 19:60:55,ads_facebook,mobile,android,1,59,0
215741,2015-05-15 12:60:11,ads_other,web,windows,0,39,0
710269,2015-05-26 10:60:16,ads-google,mobile,android,0,39,0
82974,2015-05-05 16:60:28,friend_referral,mobile,android,1,59,0
572729,2015-03-06 03:60:52,ads_facebook,mobile,iOS,1,59,0
238745,2015-03-27 17:60:04,ads-google,mobile,android,1,59,0
803803,2015-03-08 16:60:34,ads-google,web,windows,1,59,0
457968,2015-05-08 07:60:23,ads-bing,mobile,iOS,0,39,0
800369,2015-05-22 13:60:22,ads_facebook,mobile,iOS,0,39,0
779261,2015-04-24 19:60:22,direct_traffic,mobile,iOS,0,39,0
926800,2015-03-27 08:60:57,ads-google,web,mac,0,39,0
503682,2015-05-18 06:60:05,ads-google,mobile,other,0,39,0
387652,2015-05-24 16:60:21,ads_other,web,windows,0,39,0
288641,2015-03-26 09:60:02,ads_facebook,mobile,iOS,1,59,0
477969,2015-03-27 08:60:31,ads-google,mobile,android,0,39,0
225950,2015-04-10 11:60:51,ads-bing,mobile,other,0,39,0
430137,2015-04-25 07:60:23,ads-bing,web,windows,0,39,0
784430,2015-05-10 05:60:49,ads_other,web,windows,0,39,0
987746,2015-03-10 10:60:01,ads-google,mobile,iOS,1,59,0
128756,2015-04-05 08:60:06,direct_traffic,web,windows,1,59,0
147968,2015-04-04 08:60:55,seo-yahoo,mobile,other,0,39,0
628264,2015-05-09 07:60:45,ads-google,web,windows,1,59,0
892920,2015-03-24 12:60:46,seo-bing,mobile,android,0,39,0
124754,2015-03-08 12:60:25,direct_traffic,mobile,iOS,0,39,0
677275,2015-03-07 10:60:48,direct_traffic,web,mac,1,59,0
271907,2015-05-22 00:60:33,ads-google,mobile,iOS,0,39,0
585949,2015-05-30 00:60:27,ads_facebook,mobile,other,1,59,0
842758,2015-05-22 10:60:27,ads_facebook,mobile,iOS,0,39,0
321858,2015-05-31 16:60:41,seo-yahoo,mobile,android,0,39,0
707015,2015-03-05 16:60:32,direct_traffic,web,windows,0,39,0
246119,2015-05-01 07:60:46,friend_referral,web,windows,1,59,0
801455,2015-03-07 00:60:31,ads_facebook,mobile,android,0,39,0
412535,2015-03-03 04:60:24,seo-other,mobile,iOS,0,39,0
895051,2015-05-22 09:60:14,seo_facebook,mobile,other,1,59,0
344479,2015-05-22 12:60:49,ads-google,mobile,iOS,0,39,0
643225,2015-03-29 21:60:16,ads_facebook,web,windows,0,39,0
329405,2015-05-17 14:60:44,direct_traffic,mobile,iOS,0,39,0
208815,2015-05-24 12:60:52,ads_facebook,mobile,iOS,1,59,0
352315,2015-05-29 17:60:33,direct_traffic,web,windows,0,39,1
744798,2015-05-16 06:60:54,ads_facebook,web,mac,1,59,0
503398,2015-04-17 10:60:55,ads_facebook,mobile,iOS,0,39,0
733218,2015-05-06 03:60:21,ads_other,web,mac,0,39,0
783244,2015-03-13 15:60:50,seo_facebook,web,windows,0,39,0
577756,2015-05-15 08:60:40,ads-bing,mobile,android,1,59,0
982956,2015-03-09 10:60:54,ads-google,mobile,android,0,39,0
417088,2015-05-01 04:60:52,ads_facebook,mobile,android,1,59,0
648720,2015-04-18 20:60:45,friend_referral,mobile,iOS,0,39,0
488023,2015-05-15 11:60:10,direct_traffic,web,windows,0,39,0
618708,2015-05-29 12:60:34,seo_facebook,mobile,iOS,1,59,0
686077,2015-04-02 12:60:58,ads-google,mobile,iOS,0,39,0
44828,2015-03-13 17:60:59,seo_facebook,mobile,android,0,39,0
679316,2015-04-09 21:60:21,ads_other,mobile,android,1,59,0
846013,2015-05-16 12:60:44,direct_traffic,mobile,other,1,59,0
198278,2015-05-28 05:60:52,friend_referral,web,windows,0,39,0
976747,2015-05-16 11:60:52,ads-yahoo,web,mac,1,59,0
423980,2015-05-22 12:60:11,ads-google,mobile,android,1,59,0
433725,2015-04-03 12:60:23,direct_traffic,mobile,iOS,0,39,0
128880,2015-05-04 07:60:02,ads_other,mobile,android,1,59,0
985591,2015-03-18 11:60:16,ads_facebook,web,windows,0,39,0
672599,2015-04-01 11:60:19,ads_facebook,web,windows,0,39,0
798990,2015-04-24 12:60:01,direct_traffic,mobile,iOS,0,39,0
910185,2015-03-09 10:60:54,ads-google,mobile,android,0,39,0
835628,2015-05-07 17:60:30,seo-yahoo,mobile,iOS,1,59,0
425906,2015-04-19 05:60:38,ads-google,mobile,iOS,0,39,0
552403,2015-03-17 17:60:32,direct_traffic,mobile,android,0,39,0
557632,2015-03-13 11:60:37,seo-google,mobile,other,0,39,0
811014,2015-05-17 12:60:33,seo_facebook,mobile,android,0,39,0
551218,2015-03-27 08:60:11,direct_traffic,web,mac,1,59,0
831623,2015-05-23 01:60:05,direct_traffic,mobile,android,0,39,0
112164,2015-05-14 17:60:43,ads_other,mobile,iOS,1,59,0
505611,2015-05-02 04:60:40,friend_referral,mobile,android,1,59,0
427331,2015-03-14 11:60:37,friend_referral,mobile,iOS,0,39,0
146951,2015-03-08 16:60:34,ads-google,web,windows,1,59,0
375641,2015-05-21 15:60:38,ads_facebook,web,windows,1,59,0
848055,2015-03-15 22:60:55,direct_traffic,web,windows,0,39,0
19802,2015-04-15 07:60:16,direct_traffic,web,mac,0,39,0
232208,2015-05-15 14:60:24,direct_traffic,mobile,iOS,0,39,0
287263,2015-03-21 12:60:45,direct_traffic,mobile,iOS,0,39,0
328031,2015-04-02 10:60:05,friend_referral,mobile,other,1,59,0
790565,2015-03-19 12:60:20,friend_referral,mobile,iOS,1,59,0
622593,2015-04-10 17:60:10,ads_facebook,mobile,iOS,0,39,0
440171,2015-05-25 05:60:24,ads_facebook,mobile,iOS,1,59,0
143291,2015-03-30 19:60:56,ads_facebook,web,windows,1,59,0
283829,2015-05-25 13:60:23,ads-google,web,windows,1,59,0
759008,2015-05-29 01:60:15,ads_other,web,windows,0,39,0
504399,2015-03-28 12:60:44,direct_traffic,web,mac,0,39,0
392642,2015-03-13 08:60:22,direct_traffic,mobile,other,0,39,0
228160,2015-04-30 13:60:20,ads-google,web,mac,0,39,0
40042,2015-05-17 11:60:04,direct_traffic,mobile,iOS,0,39,0
721703,2015-04-12 12:60:17,ads-google,mobile,android,0,39,0
283342,2015-04-24 12:60:46,direct_traffic,mobile,android,0,39,0
849686,2015-05-15 13:60:53,ads_facebook,web,windows,1,59,0
248664,2015-04-24 10:60:07,seo_facebook,mobile,iOS,0,39,0
457347,2015-04-25 14:60:43,friend_referral,web,windows,1,59,0
747375,2015-04-05 16:60:03,direct_traffic,web,windows,0,39,0
843865,2015-03-21 12:60:37,ads_other,web,windows,1,59,0
723116,2015-03-25 07:60:12,friend_referral,mobile,iOS,0,39,0
24733,2015-03-29 17:60:41,ads-bing,web,windows,1,59,0
844486,2015-03-27 16:60:40,ads_facebook,mobile,iOS,0,39,1
213475,2015-03-08 09:60:38,direct_traffic,mobile,iOS,1,59,0
295993,2015-05-02 08:60:10,direct_traffic,mobile,android,0,39,0
188109,2015-04-12 10:60:28,ads-google,mobile,android,0,39,1
377714,2015-05-15 14:60:26,friend_referral,mobile,android,0,39,0
50253,2015-04-25 07:60:24,direct_traffic,web,mac,1,59,0
398367,2015-03-29 14:60:29,seo-google,mobile,other,0,39,0
726496,2015-04-08 19:60:32,direct_traffic,mobile,iOS,1,59,0
473096,2015-04-20 11:60:46,ads-google,mobile,android,1,59,0
209087,2015-05-11 12:60:53,ads-google,web,windows,1,59,0
760611,2015-05-15 09:60:19,ads_other,mobile,iOS,1,59,0
722941,2015-04-03 17:60:60,seo-other,web,windows,1,59,0
720199,2015-04-24 17:60:30,ads-yahoo,web,windows,1,59,0
538831,2015-03-23 02:60:39,direct_traffic,mobile,iOS,0,39,0
81863,2015-05-15 17:60:18,ads_other,web,windows,0,39,0
319549,2015-04-26 16:60:04,ads-google,web,windows,0,39,0
726731,2015-05-29 07:60:47,ads-bing,mobile,other,0,39,1
810775,2015-04-10 17:60:10,ads_facebook,mobile,iOS,0,39,0
377631,2015-04-04 12:60:01,ads-bing,web,windows,0,39,0
631719,2015-05-17 10:60:46,friend_referral,mobile,iOS,0,39,0
701079,2015-05-21 02:60:30,ads-bing,web,windows,1,59,0
312502,2015-05-16 10:60:20,ads-google,mobile,iOS,0,39,0
443226,2015-05-09 11:60:57,ads_facebook,web,windows,1,59,0
194612,2015-03-10 04:60:18,seo-other,mobile,iOS,0,39,0
907247,2015-03-08 14:60:41,friend_referral,mobile,iOS,0,39,0
963546,2015-05-09 09:60:53,direct_traffic,mobile,iOS,1,59,0
252085,2015-03-06 14:60:13,direct_traffic,mobile,android,0,39,0
563714,2015-04-28 08:60:32,seo_facebook,mobile,android,0,39,0
788207,2015-05-15 14:60:26,friend_referral,mobile,android,0,39,0
273967,2015-04-21 17:60:31,friend_referral,mobile,other,0,39,0
869693,2015-04-05 14:60:37,direct_traffic,mobile,other,1,59,0
671885,2015-05-15 12:60:28,ads_facebook,mobile,iOS,0,39,0
489073,2015-03-07 13:60:36,ads_facebook,mobile,android,1,59,0
641484,2015-04-12 10:60:44,direct_traffic,web,windows,0,39,0
537548,2015-03-28 14:60:58,ads-google,web,mac,0,39,0
6953,2015-03-26 02:60:48,ads_other,mobile,android,0,39,0
366195,2015-05-31 21:60:08,ads-bing,mobile,iOS,0,39,0
284450,2015-03-13 05:60:51,friend_referral,mobile,iOS,0,39,0
429412,2015-04-05 12:60:17,ads-bing,web,windows,0,39,0
466376,2015-05-02 12:60:09,ads_other,mobile,android,0,39,0
24995,2015-05-22 09:60:22,seo-other,mobile,android,0,39,0
222871,2015-04-12 06:60:10,ads-google,mobile,iOS,0,39,0
452414,2015-04-19 11:60:38,seo-yahoo,web,windows,0,39,0
607597,2015-03-20 14:60:35,friend_referral,web,mac,0,39,0
259207,2015-05-24 21:60:57,direct_traffic,mobile,iOS,1,59,0
825734,2015-03-23 11:60:18,ads-google,web,mac,0,39,0
740855,2015-05-09 23:60:39,direct_traffic,mobile,android,1,59,0
346846,2015-03-08 00:60:06,ads_other,web,windows,1,59,0
561032,2015-03-28 06:60:26,seo-yahoo,web,windows,1,59,0
165720,2015-04-21 12:60:56,seo_facebook,mobile,iOS,1,59,0
808486,2015-05-31 15:60:26,seo-google,mobile,iOS,0,39,0
531928,2015-03-14 10:60:13,friend_referral,mobile,iOS,1,59,0
525831,2015-03-27 17:60:36,ads_facebook,web,windows,1,59,0
19002,2015-03-07 07:60:19,ads-google,mobile,android,1,59,0
974776,2015-05-01 16:60:10,ads-google,mobile,android,1,59,0
667269,2015-04-26 09:60:05,seo_facebook,web,windows,0,39,0
886581,2015-04-10 10:60:20,ads-google,mobile,iOS,0,39,0
943087,2015-03-29 13:60:05,ads-google,mobile,iOS,1,59,0
420074,2015-03-29 14:60:44,ads_facebook,web,windows,1,59,0
910345,2015-04-26 15:60:16,seo_facebook,mobile,other,0,39,0
336170,2015-03-27 07:60:36,ads_facebook,mobile,android,1,59,0
503509,2015-04-17 12:60:26,direct_traffic,mobile,android,0,39,0
1892,2015-03-22 07:60:26,ads-google,mobile,android,0,39,0
973284,2015-03-06 17:60:38,ads_facebook,mobile,iOS,0,39,0
872285,2015-05-31 18:60:40,seo-yahoo,mobile,android,1,59,0
523363,2015-05-29 04:60:45,ads_facebook,mobile,android,1,59,0
136155,2015-05-30 18:60:44,friend_referral,mobile,iOS,1,59,0
404116,2015-04-08 08:60:23,ads-bing,mobile,iOS,0,39,0
552425,2015-05-15 12:60:08,seo_facebook,web,linux,0,39,0
629433,2015-05-27 05:60:53,ads-google,mobile,android,0,39,0
68744,2015-04-07 07:60:13,ads_facebook,mobile,android,0,39,0
190190,2015-05-21 12:60:38,ads_other,web,windows,0,39,0
240856,2015-04-08 19:60:32,direct_traffic,mobile,iOS,1,59,0
932471,2015-05-02 00:60:23,direct_traffic,mobile,android,1,59,0
872758,2015-03-20 02:60:33,direct_traffic,web,mac,0,39,0
704258,2015-05-01 11:60:32,ads-google,mobile,android,1,59,0
854717,2015-04-03 12:60:29,seo-google,mobile,android,0,39,0
492731,2015-05-16 11:60:36,ads_facebook,mobile,android,0,39,0
130673,2015-03-07 11:60:38,ads-google,mobile,iOS,0,39,0
716263,2015-04-08 18:60:17,ads_other,mobile,iOS,1,59,0
460936,2015-05-31 19:60:47,ads_facebook,web,mac,1,59,0
789666,2015-05-23 10:60:22,direct_traffic,web,windows,0,39,0
100609,2015-03-27 07:60:46,ads-google,web,windows,0,39,0
504401,2015-04-18 07:60:56,seo_facebook,mobile,android,0,39,0
388334,2015-04-14 19:60:34,seo_facebook,mobile,other,1,59,0
122521,2015-03-13 17:60:17,friend_referral,web,windows,1,59,0
740372,2015-03-13 15:60:16,ads-google,mobile,iOS,0,39,0
58915,2015-03-20 04:60:54,ads_other,web,mac,1,59,0
243086,2015-05-26 09:60:07,ads-bing,mobile,iOS,0,39,0
858622,2015-04-08 08:60:23,ads-bing,mobile,iOS,0,39,0
616744,2015-05-08 17:60:04,ads-google,mobile,android,0,39,0
785498,2015-04-13 11:60:17,direct_traffic,web,windows,1,59,0
845306,2015-05-31 00:60:54,direct_traffic,mobile,android,0,39,0
836435,2015-05-02 14:60:41,ads_facebook,mobile,iOS,1,59,0
734957,2015-03-07 11:60:58,seo-google,mobile,android,0,39,0
370523,2015-04-24 11:60:01,ads-google,mobile,other,1,59,0
80606,2015-05-12 17:60:49,friend_referral,mobile,android,0,39,0
709035,2015-04-01 20:60:16,ads_other,web,windows,1,59,0
527451,2015-03-26 16:60:23,direct_traffic,web,windows,0,39,0
953204,2015-04-16 09:60:14,seo_facebook,mobile,iOS,0,39,0
195288,2015-05-03 04:60:44,friend_referral,web,windows,0,39,0
110282,2015-05-02 12:60:11,ads-bing,mobile,android,1,59,0
970795,2015-04-18 12:60:13,direct_traffic,mobile,iOS,1,59,0
602967,2015-04-02 12:60:20,ads-bing,mobile,iOS,0,39,0
667456,2015-05-21 02:60:04,ads_facebook,mobile,iOS,0,39,0
286846,2015-04-05 12:60:17,ads-bing,web,windows,0,39,0
273801,2015-03-27 08:60:57,ads-google,web,mac,0,39,0
483382,2015-05-08 09:60:32,ads-bing,mobile,iOS,0,39,0
454560,2015-05-22 12:60:23,ads_facebook,mobile,android,1,59,0
52846,2015-05-30 08:60:11,direct_traffic,mobile,android,0,39,0
60965,2015-05-24 07:60:60,ads-google,mobile,android,1,59,0
863526,2015-05-26 10:60:16,ads-google,mobile,android,0,39,0
310342,2015-05-02 08:60:10,direct_traffic,mobile,android,0,39,0
555584,2015-03-08 15:60:55,ads-google,mobile,iOS,1,59,0
994542,2015-04-29 16:60:49,ads-bing,mobile,iOS,0,39,0
594283,2015-03-28 17:60:46,ads-google,mobile,iOS,0,39,0
646701,2015-04-29 16:60:49,ads-bing,mobile,iOS,0,39,0
390021,2015-03-07 12:60:32,seo-google,mobile,iOS,1,59,0
404123,2015-04-13 18:60:48,seo_facebook,mobile,android,0,39,0
100670,2015-04-15 14:60:19,direct_traffic,web,windows,1,59,0
168229,2015-03-07 09:60:02,seo_facebook,mobile,iOS,0,39,0
431007,2015-05-03 11:60:60,ads_facebook,web,windows,1,59,0
800901,2015-04-03 10:60:28,seo_facebook,mobile,android,0,39,0
404160,2015-03-20 15:60:02,direct_traffic,web,windows,0,39,0
632364,2015-05-31 14:60:56,ads-google,web,windows,0,39,0
53051,2015-04-11 07:60:17,ads_other,web,mac,0,39,0
909009,2015-04-30 01:60:10,ads_facebook,mobile,iOS,0,39,0
294906,2015-05-17 11:60:23,ads-google,mobile,iOS,0,39,0
205592,2015-03-07 17:60:04,seo-google,mobile,android,1,59,0
870705,2015-05-08 10:60:59,ads-bing,web,windows,1,59,0
625812,2015-04-04 13:60:26,friend_referral,mobile,android,0,39,0
694026,2015-03-20 05:60:04,ads-google,mobile,iOS,1,59,0
130371,2015-04-04 09:60:32,seo-google,mobile,android,0,39,0
44411,2015-05-26 00:60:06,ads_facebook,web,windows,0,39,0
26394,2015-04-25 12:60:56,seo-google,mobile,iOS,1,59,0
363578,2015-05-16 17:60:02,ads_facebook,mobile,iOS,1,59,0
128263,2015-05-12 12:60:04,ads_other,mobile,android,0,39,0
506803,2015-04-17 16:60:48,ads_facebook,web,windows,0,39,0
131481,2015-05-08 07:60:45,direct_traffic,mobile,other,0,39,0
392813,2015-05-22 04:60:25,direct_traffic,mobile,android,0,39,0
410005,2015-04-16 07:60:53,ads_other,mobile,android,1,59,1
829538,2015-03-24 18:60:42,ads_other,mobile,android,0,39,0
453445,2015-05-25 13:60:23,ads-google,web,windows,1,59,0
829442,2015-04-06 08:60:52,direct_traffic,mobile,android,0,39,0
279132,2015-05-23 11:60:15,ads_facebook,mobile,iOS,0,39,0
578131,2015-05-01 16:60:10,ads-google,mobile,android,1,59,0
772631,2015-05-29 10:60:15,seo-google,mobile,other,0,39,0
966070,2015-04-03 13:60:02,seo-google,mobile,android,0,39,0
740037,2015-03-17 00:60:48,ads-bing,web,windows,0,39,0
902546,2015-04-04 13:60:46,seo-google,mobile,other,0,39,0
637205,2015-03-20 16:60:36,ads-google,mobile,android,0,39,0
736365,2015-03-17 07:60:46,ads-bing,web,mac,0,39,0
296063,2015-03-19 08:60:26,direct_traffic,mobile,iOS,0,39,0
791671,2015-04-03 12:60:14,direct_traffic,mobile,android,1,59,0
61968,2015-03-29 23:60:52,seo-yahoo,mobile,iOS,1,59,0
692257,2015-04-12 10:60:37,ads-google,mobile,other,0,39,0
870633,2015-04-10 12:60:12,ads_facebook,mobile,iOS,0,39,0
829352,2015-05-22 10:60:24,friend_referral,web,windows,0,39,0
756220,2015-05-09 23:60:39,direct_traffic,mobile,android,1,59,0
528631,2015-03-18 09:60:37,direct_traffic,mobile,android,1,59,0
187929,2015-05-07 19:60:26,ads-bing,web,windows,0,39,0
996506,2015-05-24 08:60:50,ads-google,mobile,android,0,39,0
249778,2015-05-21 10:60:47,direct_traffic,mobile,iOS,1,59,0
946818,2015-04-10 08:60:58,seo-bing,mobile,android,1,59,0
472694,2015-04-24 12:60:46,direct_traffic,mobile,android,0,39,0
140295,2015-05-14 18:60:34,ads_facebook,mobile,android,0,39,0
313364,2015-03-28 14:60:16,direct_traffic,mobile,iOS,0,39,0
467176,2015-04-17 05:60:26,ads_facebook,mobile,android,1,59,0
581053,2015-05-30 11:60:39,ads_facebook,web,windows,0,39,0
315846,2015-03-13 07:60:46,direct_traffic,mobile,android,1,59,0
756412,2015-05-22 00:60:33,ads-google,mobile,iOS,0,39,0
64022,2015-04-10 09:60:26,ads-google,mobile,iOS,1,59,0
286315,2015-04-04 09:60:59,seo_facebook,web,windows,0,39,0
94937,2015-05-30 22:60:26,friend_referral,mobile,iOS,0,39,0
492061,2015-03-25 14:60:16,friend_referral,mobile,iOS,0,39,0
433256,2015-03-09 11:60:49,ads-google,mobile,iOS,1,59,0
732170,2015-04-23 15:60:54,direct_traffic,mobile,android,0,39,0
132775,2015-05-21 13:60:19,direct_traffic,web,windows,0,39,0
990515,2015-05-08 20:60:47,ads_facebook,mobile,iOS,0,39,0
683835,2015-04-04 12:60:59,direct_traffic,web,mac,1,59,0
394407,2015-04-27 14:60:13,seo-google,mobile,android,0,39,0
88480,2015-05-08 16:60:41,ads-yahoo,mobile,iOS,1,59,0
517150,2015-05-19 12:60:54,ads-google,mobile,iOS,0,39,0
351541,2015-04-16 21:60:34,friend_referral,mobile,iOS,0,39,0
741414,2015-04-04 12:60:01,ads-bing,web,windows,0,39,0
938593,2015-04-14 12:60:47,ads_facebook,mobile,android,0,39,0
999270,2015-05-12 17:60:49,friend_referral,mobile,android,0,39,0
711944,2015-03-14 20:60:06,seo_facebook,web,windows,1,59,0
905305,2015-05-14 16:60:24,ads_other,mobile,android,1,59,0
958274,2015-03-21 08:60:03,seo_facebook,mobile,iOS,0,39,0
70796,2015-05-22 07:60:21,seo_facebook,web,windows,1,59,0
760022,2015-05-29 21:60:55,seo-yahoo,mobile,iOS,0,39,0
123045,2015-03-19 18:60:50,ads-google,mobile,iOS,0,39,0
339982,2015-05-24 12:60:26,direct_traffic,web,windows,0,39,0
201568,2015-05-22 11:60:39,direct_traffic,mobile,iOS,1,59,0
366991,2015-05-31 12:60:49,seo-google,web,windows,0,39,0
318350,2015-05-29 10:60:22,direct_traffic,mobile,android,1,59,0
871319,2015-05-23 01:60:05,direct_traffic,mobile,android,0,39,0
135409,2015-05-09 08:60:25,ads-bing,mobile,other,1,59,0
765220,2015-05-31 18:60:53,direct_traffic,mobile,android,1,59,0
959439,2015-04-11 14:60:30,friend_referral,mobile,android,0,39,0
491516,2015-04-16 20:60:21,ads-google,mobile,iOS,1,59,0
617973,2015-05-07 06:60:51,direct_traffic,mobile,android,0,39,0
968540,2015-03-18 11:60:16,ads_facebook,web,windows,0,39,0
777214,2015-05-12 12:60:04,ads_other,mobile,android,0,39,0
769777,2015-04-26 16:60:45,direct_traffic,mobile,android,0,39,0
449685,2015-04-13 11:60:17,direct_traffic,web,windows,1,59,0
566929,2015-05-15 12:60:28,ads_facebook,mobile,iOS,0,39,0
991652,2015-03-21 09:60:26,ads_facebook,mobile,iOS,1,59,0
395966,2015-04-25 08:60:25,direct_traffic,mobile,android,0,39,0
451064,2015-05-01 13:60:59,direct_traffic,web,mac,1,59,0
80816,2015-05-28 11:60:42,seo-yahoo,mobile,iOS,0,39,0
887529,2015-03-13 12:60:57,ads_facebook,web,windows,0,39,0
109231,2015-05-31 12:60:01,direct_traffic,mobile,iOS,0,39,0
588924,2015-04-25 17:60:49,seo-bing,web,windows,0,39,0
585462,2015-04-12 04:60:56,ads-bing,mobile,android,0,39,0
781444,2015-03-06 04:60:47,friend_referral,mobile,android,1,59,0
185359,2015-05-22 16:60:22,ads_other,web,windows,1,59,0
13210,2015-05-01 04:60:11,ads-bing,mobile,iOS,0,39,0
99860,2015-04-25 14:60:43,friend_referral,web,windows,1,59,0
324720,2015-05-19 08:60:15,ads_other,mobile,iOS,0,39,0
863463,2015-03-31 11:60:39,seo_facebook,web,windows,0,39,0
350165,2015-04-03 17:60:07,friend_referral,web,windows,1,59,0
443993,2015-04-12 10:60:38,ads-google,web,mac,1,59,0
897696,2015-04-20 11:60:27,ads_facebook,mobile,iOS,0,39,0
836855,2015-05-16 01:60:49,ads_other,web,windows,1,59,0
945418,2015-03-08 12:60:01,friend_referral,mobile,iOS,1,59,0
934262,2015-04-25 17:60:12,ads_facebook,mobile,iOS,1,59,0
41041,2015-04-04 08:60:55,seo-yahoo,mobile,other,0,39,0
728297,2015-05-15 12:60:04,ads-google,mobile,android,1,59,0
593261,2015-03-20 16:60:48,ads_facebook,web,windows,0,39,0
599079,2015-05-08 12:60:17,ads-bing,mobile,iOS,0,39,0
726546,2015-05-15 11:60:19,ads_facebook,mobile,iOS,0,39,0
896287,2015-05-30 11:60:39,ads_facebook,web,windows,0,39,0
820833,2015-03-29 12:60:04,direct_traffic,web,mac,0,39,0
235214,2015-03-08 11:60:01,friend_referral,web,linux,1,59,0
84685,2015-05-27 15:60:31,ads_other,web,windows,0,39,0
964198,2015-03-29 10:60:16,ads_other,mobile,android,0,39,1
184175,2015-03-15 12:60:08,friend_referral,mobile,iOS,1,59,0
501579,2015-04-26 22:60:47,ads-google,mobile,iOS,0,39,0
736226,2015-05-22 07:60:21,seo_facebook,web,windows,1,59,0
924326,2015-04-11 21:60:08,ads-google,mobile,android,1,59,1
569085,2015-04-03 18:60:23,direct_traffic,mobile,iOS,1,59,0
191410,2015-05-31 11:60:05,ads_facebook,mobile,other,0,39,0
495068,2015-04-04 09:60:50,ads-google,mobile,android,0,39,0
7221,2015-05-05 16:60:28,friend_referral,mobile,android,1,59,0
487650,2015-03-13 08:60:04,friend_referral,mobile,android,0,39,0
77376,2015-03-03 09:60:12,ads_facebook,web,windows,1,59,0
712956,2015-03-20 10:60:48,ads-bing,mobile,iOS,1,59,0
233019,2015-04-13 05:60:11,seo-google,mobile,iOS,0,39,0
207108,2015-05-22 20:60:29,ads-google,mobile,android,1,59,0
93043,2015-03-21 17:60:18,direct_traffic,mobile,iOS,0,39,0
903453,2015-05-08 18:60:13,seo-google,mobile,iOS,0,39,0
636998,2015-04-03 12:60:48,ads-google,mobile,iOS,1,59,0
367404,2015-04-17 13:60:06,seo-other,web,windows,0,39,0
812955,2015-05-01 10:60:29,ads-google,mobile,iOS,1,59,0
17710,2015-04-24 17:60:45,seo-other,web,windows,1,59,0
420492,2015-05-22 13:60:01,seo_facebook,mobile,android,0,39,0
955155,2015-05-16 10:60:20,ads-google,mobile,iOS,0,39,0
668387,2015-04-18 07:60:23,seo_facebook,mobile,iOS,0,39,0
315420,2015-03-07 08:60:34,ads_other,web,windows,0,39,0
846770,2015-05-30 12:60:52,friend_referral,mobile,iOS,0,39,0
939903,2015-04-04 10:60:14,ads-bing,web,windows,0,39,0
319381,2015-05-08 11:60:59,ads_facebook,web,windows,0,39,0
244840,2015-03-06 09:60:30,direct_traffic,mobile,iOS,0,39,0
513052,2015-04-26 21:60:30,seo_facebook,mobile,other,1,59,0
209138,2015-04-17 10:60:27,ads-google,web,windows,1,59,0
388186,2015-04-26 23:60:39,ads_facebook,mobile,iOS,0,39,0
33069,2015-04-07 16:60:42,ads-google,mobile,iOS,0,39,0
812723,2015-03-27 10:60:01,seo-google,web,windows,0,39,0
516690,2015-04-12 13:60:28,direct_traffic,mobile,android,1,59,0
339641,2015-05-18 10:60:26,ads-google,web,windows,0,39,0
450451,2015-03-19 13:60:51,ads-yahoo,web,windows,1,59,0
750613,2015-04-25 18:60:13,seo-bing,web,windows,1,59,0
598926,2015-03-14 01:60:20,ads_facebook,web,windows,0,39,0
359464,2015-03-07 01:60:04,ads_facebook,mobile,iOS,0,39,0
183582,2015-03-26 06:60:25,ads_other,web,windows,0,39,0
251503,2015-05-15 10:60:38,ads_other,mobile,android,0,39,0
49851,2015-04-20 01:60:27,ads-google,mobile,android,0,39,0
723907,2015-04-17 12:60:10,ads-yahoo,web,windows,0,39,0
757543,2015-04-05 12:60:27,seo_facebook,web,windows,1,59,0
629741,2015-03-14 11:60:35,direct_traffic,web,windows,0,39,0
908072,2015-05-22 19:60:42,friend_referral,mobile,iOS,1,59,0
788289,2015-03-22 14:60:43,ads-google,mobile,iOS,0,39,0
380084,2015-03-07 12:60:26,ads_facebook,web,windows,0,39,0
212625,2015-04-12 22:60:24,direct_traffic,mobile,other,0,39,0
436008,2015-04-03 12:60:15,friend_referral,web,windows,1,59,0
150041,2015-03-06 12:60:48,direct_traffic,mobile,android,1,59,0
486867,2015-03-21 09:60:46,seo-yahoo,web,mac,0,39,0
810183,2015-03-07 09:60:39,seo-google,web,windows,0,39,0
738376,2015-04-03 05:60:51,ads-yahoo,mobile,iOS,0,39,0
142248,2015-05-09 16:60:10,seo-bing,mobile,iOS,0,39,0
329538,2015-05-15 08:60:42,direct_traffic,mobile,android,1,59,0
638906,2015-05-25 11:60:33,ads_facebook,web,windows,0,39,0
960169,2015-03-10 15:60:56,ads-yahoo,mobile,iOS,0,39,0
577307,2015-05-22 12:60:12,direct_traffic,mobile,android,1,59,0
105792,2015-05-15 12:60:11,ads_other,web,windows,0,39,0
881761,2015-05-01 21:60:37,ads_other,mobile,iOS,0,39,0
826731,2015-03-28 18:60:26,ads_facebook,web,mac,0,39,0
978251,2015-03-20 18:60:28,ads-bing,mobile,android,0,39,0
975070,2015-04-04 10:60:24,direct_traffic,web,windows,1,59,0
20044,2015-05-15 13:60:53,ads_facebook,web,windows,1,59,0
437272,2015-03-13 15:60:20,friend_referral,web,windows,1,59,0
359003,2015-03-27 10:60:11,ads_other,web,mac,0,39,0
886676,2015-04-26 12:60:41,seo-google,web,mac,1,59,0
427833,2015-04-17 09:60:59,seo_facebook,web,windows,0,39,0
414314,2015-04-21 12:60:40,direct_traffic,mobile,iOS,0,39,0
907272,2015-05-01 12:60:52,ads-google,mobile,android,0,39,0
237559,2015-03-24 12:60:46,seo-bing,mobile,android,0,39,0
362041,2015-05-22 12:60:21,seo_facebook,web,windows,0,39,0
873738,2015-04-20 01:60:27,ads-google,mobile,android,0,39,0
708004,2015-04-10 10:60:17,friend_referral,web,linux,1,59,0
300615,2015-05-15 12:60:02,ads_facebook,web,windows,1,59,0
491084,2015-05-23 11:60:15,ads_facebook,mobile,iOS,0,39,0
684166,2015-04-27 00:60:22,seo-yahoo,web,windows,0,39,0
220825,2015-04-13 22:60:07,direct_traffic,mobile,iOS,1,59,0
106319,2015-05-06 22:60:29,ads-bing,web,windows,1,59,0
737344,2015-03-24 11:60:19,direct_traffic,mobile,android,0,39,0
967465,2015-03-15 09:60:36,ads_facebook,mobile,android,1,59,0
106160,2015-04-10 07:60:03,ads-bing,mobile,iOS,1,59,0
281610,2015-05-05 23:60:08,seo_facebook,web,windows,0,39,0
892598,2015-04-17 15:60:44,ads-bing,web,mac,0,39,0
906983,2015-04-19 12:60:58,direct_traffic,mobile,iOS,1,59,0
31049,2015-05-29 02:60:33,ads_facebook,mobile,android,0,39,0
585510,2015-05-30 18:60:03,ads_facebook,web,mac,0,39,0
192124,2015-04-05 11:60:35,ads_facebook,mobile,android,0,39,0
966988,2015-04-16 19:60:11,seo-other,web,mac,1,59,0
856476,2015-03-20 11:60:08,direct_traffic,mobile,android,1,59,0
582591,2015-04-20 01:60:27,ads-google,mobile,android,0,39,0
680421,2015-03-28 03:60:21,seo-other,web,windows,1,59,0
191489,2015-04-07 07:60:13,ads_facebook,mobile,android,0,39,0
370681,2015-04-17 10:60:50,ads_other,web,windows,0,39,0
852436,2015-03-06 19:60:49,seo-google,mobile,android,0,39,0
696697,2015-03-29 07:60:31,seo-google,mobile,android,0,39,0
263325,2015-03-20 15:60:02,direct_traffic,web,windows,0,39,0
941619,2015-03-19 11:60:52,ads-google,mobile,iOS,0,39,0
342864,2015-03-13 13:60:06,friend_referral,mobile,android,0,39,0
819513,2015-05-31 01:60:55,seo-google,mobile,iOS,1,59,0
669745,2015-03-13 11:60:26,ads_facebook,web,mac,1,59,0
773077,2015-05-15 08:60:54,friend_referral,mobile,iOS,1,59,0
174823,2015-05-15 01:60:16,seo_facebook,mobile,iOS,0,39,0
563517,2015-03-07 11:60:53,ads-bing,web,windows,0,39,0
143358,2015-03-12 10:60:19,direct_traffic,web,windows,0,39,0
673970,2015-03-29 12:60:04,direct_traffic,web,mac,0,39,0
737395,2015-03-24 11:60:19,direct_traffic,mobile,android,0,39,0
250084,2015-03-08 10:60:44,ads-google,mobile,iOS,0,39,0
476552,2015-04-25 14:60:29,ads-google,mobile,android,0,39,0
180404,2015-03-27 04:60:24,seo_facebook,mobile,other,0,39,0
546001,2015-04-18 00:60:58,friend_referral,web,windows,1,59,0
513097,2015-03-28 09:60:52,ads_facebook,web,windows,1,59,0
847132,2015-03-17 14:60:28,direct_traffic,web,windows,0,39,0
259728,2015-05-25 17:60:09,seo_facebook,mobile,android,1,59,0
825822,2015-05-08 12:60:19,direct_traffic,web,windows,1,59,0
611155,2015-03-30 03:60:54,seo-google,web,windows,0,39,0
742672,2015-03-21 10:60:53,friend_referral,mobile,iOS,1,59,0
457519,2015-05-31 10:60:56,direct_traffic,mobile,android,1,59,0
950478,2015-03-17 11:60:36,direct_traffic,mobile,android,1,59,0
392811,2015-05-03 04:60:44,friend_referral,web,windows,0,39,0
260183,2015-05-16 22:60:30,seo_facebook,web,windows,0,39,0
461023,2015-05-16 10:60:38,ads_facebook,mobile,android,0,39,0
260021,2015-05-22 16:60:41,ads-google,web,windows,0,39,0
993144,2015-03-08 15:60:36,ads_facebook,web,windows,1,59,0
890905,2015-03-14 11:60:56,seo_facebook,mobile,iOS,1,59,0
705435,2015-03-13 03:60:56,ads_facebook,mobile,iOS,1,59,0
558020,2015-05-09 10:60:41,ads-yahoo,mobile,iOS,1,59,0
799052,2015-04-01 13:60:60,seo_facebook,mobile,other,1,59,0
291067,2015-05-24 05:60:23,seo_facebook,web,windows,0,39,0
120564,2015-03-07 18:60:30,seo-yahoo,web,mac,0,39,0
347057,2015-05-01 23:60:21,ads_other,mobile,android,1,59,0
689897,2015-03-20 11:60:48,seo-google,mobile,android,0,39,1
255328,2015-03-14 01:60:20,ads_facebook,web,windows,0,39,0
170378,2015-04-20 01:60:27,ads-google,mobile,android,0,39,0
876325,2015-05-09 21:60:23,seo_facebook,mobile,android,0,39,0
858327,2015-03-14 11:60:35,direct_traffic,web,windows,0,39,0
328768,2015-03-07 11:60:58,seo-google,mobile,android,0,39,0
441741,2015-03-31 10:60:19,direct_traffic,web,windows,0,39,0
41794,2015-04-18 01:60:42,ads-bing,mobile,iOS,0,39,0
64339,2015-05-02 13:60:08,seo-google,mobile,iOS,0,39,0
696215,2015-04-29 22:60:54,ads-google,mobile,android,1,59,0
487578,2015-04-24 12:60:42,direct_traffic,web,windows,0,39,0
233125,2015-04-12 12:60:58,ads_other,mobile,android,0,39,0
102789,2015-04-12 09:60:50,ads_facebook,mobile,iOS,0,39,0
38592,2015-05-01 04:60:11,ads-bing,mobile,iOS,0,39,0
971647,2015-04-18 09:60:22,ads-yahoo,web,mac,0,39,0
898388,2015-03-11 01:60:06,friend_referral,web,windows,1,59,0
410636,2015-04-21 02:60:17,seo_facebook,mobile,iOS,1,59,0
591508,2015-04-03 05:60:51,ads-yahoo,mobile,iOS,0,39,0
874287,2015-03-10 10:60:18,direct_traffic,mobile,iOS,0,39,0
101321,2015-05-25 12:60:33,ads-google,web,windows,0,39,0
7262,2015-04-29 23:60:59,seo-other,mobile,other,1,59,0
99173,2015-04-05 14:60:34,friend_referral,mobile,android,0,39,0
651977,2015-03-27 10:60:15,friend_referral,mobile,iOS,1,59,0
855252,2015-05-13 01:60:06,ads_facebook,web,windows,0,39,0
286003,2015-05-30 12:60:52,friend_referral,mobile,iOS,0,39,0
176930,2015-03-13 13:60:46,ads_facebook,mobile,android,1,59,0
851386,2015-03-12 16:60:48,ads_facebook,web,mac,0,39,0
513007,2015-05-14 12:60:44,ads_other,web,windows,1,59,0
564488,2015-03-19 13:60:51,ads-yahoo,web,windows,1,59,0
15768,2015-03-06 09:60:59,ads-google,web,windows,1,59,0
508857,2015-04-24 11:60:02,direct_traffic,mobile,iOS,0,39,0
213510,2015-05-24 07:60:44,ads_other,mobile,android,1,59,0
362039,2015-04-29 11:60:30,seo_facebook,web,windows,0,39,0
818427,2015-03-03 23:60:53,ads_facebook,mobile,iOS,0,39,0
403973,2015-05-13 10:60:41,ads_facebook,web,windows,0,39,0
866005,2015-03-07 12:60:02,ads_other,mobile,iOS,0,39,0
88234,2015-03-21 14:60:10,direct_traffic,web,windows,0,39,0
212601,2015-04-04 08:60:17,ads-google,web,windows,0,39,0
158410,2015-04-26 17:60:53,direct_traffic,mobile,android,1,59,0
232501,2015-04-27 13:60:27,ads_facebook,mobile,other,1,59,0
697715,2015-04-30 19:60:17,ads-google,mobile,other,0,39,0
460271,2015-05-29 15:60:60,direct_traffic,mobile,android,0,39,0
409857,2015-03-20 05:60:02,seo_facebook,web,windows,1,59,0
659346,2015-04-26 23:60:39,ads_facebook,mobile,iOS,0,39,0
384457,2015-05-26 22:60:44,direct_traffic,web,windows,0,39,0
554605,2015-03-06 12:60:19,ads_facebook,mobile,android,1,59,0
494400,2015-05-08 08:60:22,ads-google,web,windows,0,39,0
422225,2015-03-27 07:60:46,ads-google,web,windows,0,39,0
82550,2015-05-17 17:60:39,direct_traffic,mobile,iOS,0,39,0
913042,2015-05-10 18:60:25,seo_facebook,web,windows,1,59,0
814507,2015-05-01 13:60:59,direct_traffic,web,mac,1,59,0
55191,2015-05-23 19:60:55,ads_facebook,mobile,android,1,59,0
247158,2015-04-03 16:60:33,friend_referral,mobile,iOS,1,59,0
467133,2015-05-29 12:60:34,seo_facebook,mobile,iOS,1,59,0
27603,2015-03-18 11:60:16,ads_facebook,web,windows,0,39,0
250808,2015-05-13 01:60:06,ads_facebook,web,windows,0,39,0
342560,2015-05-13 09:60:31,ads_facebook,mobile,iOS,1,59,0
475513,2015-05-02 12:60:56,seo_facebook,mobile,android,0,39,0
30444,2015-05-01 18:60:45,ads_facebook,mobile,iOS,0,39,0
444626,2015-03-09 18:60:29,seo-google,mobile,android,0,39,0
573979,2015-05-16 23:60:06,seo_facebook,web,windows,0,39,0
781511,2015-05-14 18:60:34,ads_facebook,mobile,android,0,39,0
677951,2015-04-04 15:60:01,friend_referral,web,windows,0,39,0
741773,2015-04-24 13:60:07,ads-google,mobile,iOS,0,39,0
627306,2015-03-12 13:60:55,direct_traffic,mobile,android,0,39,0
413194,2015-03-15 12:60:08,friend_referral,mobile,iOS,1,59,0
931529,2015-04-03 12:60:15,friend_referral,web,windows,1,59,0
441057,2015-03-12 13:60:23,seo-google,mobile,android,1,59,0
885876,2015-04-25 05:60:58,ads-google,mobile,android,1,59,0
496174,2015-04-19 15:60:35,ads_facebook,mobile,iOS,1,59,0
781423,2015-05-23 22:60:12,friend_referral,mobile,other,0,39,0
699455,2015-04-03 15:60:41,seo_facebook,mobile,android,0,39,0
942520,2015-04-24 13:60:07,ads-google,mobile,iOS,0,39,0
233617,2015-03-08 17:60:56,direct_traffic,web,windows,1,59,0
19824,2015-04-16 09:60:11,ads_other,mobile,android,1,59,0
629017,2015-05-14 16:60:24,ads_other,mobile,android,1,59,0
86374,2015-04-08 19:60:32,direct_traffic,mobile,iOS,1,59,0
36567,2015-04-04 13:60:26,friend_referral,mobile,android,0,39,0
526135,2015-05-15 07:60:22,seo-other,web,windows,1,59,0
921876,2015-05-09 12:60:14,ads_other,mobile,android,1,59,0
534076,2015-04-27 08:60:30,ads_facebook,web,windows,0,39,0
243704,2015-05-08 11:60:60,ads-google,web,windows,1,59,0
727729,2015-04-05 11:60:01,ads_facebook,mobile,iOS,0,39,0
12257,2015-03-10 10:60:18,direct_traffic,mobile,iOS,0,39,0
454789,2015-05-15 08:60:35,ads_facebook,mobile,android,0,39,0
569561,2015-03-20 22:60:41,ads_facebook,mobile,iOS,1,59,0
65249,2015-04-28 18:60:42,seo_facebook,web,windows,1,59,0
247436,2015-05-24 12:60:39,direct_traffic,web,windows,0,39,0
742235,2015-04-06 18:60:12,seo-bing,web,mac,0,39,0
416056,2015-05-09 19:60:51,ads_other,mobile,android,0,39,0
497709,2015-04-15 07:60:16,direct_traffic,web,mac,0,39,0
449190,2015-05-24 08:60:50,ads-google,mobile,android,0,39,0
553518,2015-04-05 00:60:42,ads_other,web,windows,0,39,0
272492,2015-04-13 18:60:48,seo_facebook,mobile,android,0,39,0
743806,2015-05-17 12:60:33,seo_facebook,mobile,android,0,39,0
943216,2015-03-07 12:60:40,direct_traffic,web,mac,0,39,0
93708,2015-03-21 10:60:53,friend_referral,mobile,iOS,1,59,0
319416,2015-03-07 10:60:51,ads-bing,web,windows,1,59,0
36039,2015-05-08 18:60:26,friend_referral,mobile,other,0,39,0
213822,2015-04-10 11:60:29,ads_other,web,windows,1,59,0
393249,2015-03-28 14:60:25,seo-yahoo,web,windows,0,39,0
669996,2015-03-22 07:60:26,ads-google,mobile,android,0,39,0
135346,2015-03-13 23:60:44,ads-bing,web,windows,1,59,0
268137,2015-05-09 18:60:09,ads-google,mobile,iOS,0,39,0
316974,2015-04-16 14:60:52,seo-google,mobile,iOS,0,39,0
973335,2015-05-10 09:60:21,seo-yahoo,mobile,iOS,0,39,0
542508,2015-05-22 13:60:10,seo-other,web,windows,0,39,0
370754,2015-05-22 17:60:42,ads-google,mobile,android,1,59,0
346196,2015-05-22 13:60:46,ads_facebook,mobile,android,0,39,0
791178,2015-03-27 17:60:22,ads-google,web,windows,1,59,0
749699,2015-04-01 14:60:52,ads_other,web,windows,0,39,0
696110,2015-05-02 14:60:44,ads-google,mobile,iOS,0,39,0
857402,2015-03-20 17:60:05,friend_referral,mobile,android,0,39,0
889016,2015-04-28 10:60:58,ads-google,web,windows,0,39,0
676125,2015-03-05 04:60:29,seo-other,web,windows,0,39,0
131317,2015-03-27 10:60:11,ads_other,web,mac,0,39,0
502632,2015-03-27 07:60:36,ads_facebook,mobile,android,1,59,0
310008,2015-05-27 08:60:12,seo-google,mobile,iOS,0,39,0
749162,2015-04-08 19:60:32,direct_traffic,mobile,iOS,1,59,0
978612,2015-03-10 10:60:01,ads-google,mobile,iOS,1,59,0
152358,2015-05-16 17:60:39,friend_referral,mobile,iOS,1,59,0
793823,2015-04-23 17:60:34,ads-google,mobile,iOS,0,39,0
207673,2015-04-27 08:60:30,ads_facebook,web,windows,0,39,0
349433,2015-05-14 12:60:04,ads_facebook,mobile,iOS,0,39,0
516322,2015-05-12 16:60:24,seo_facebook,mobile,iOS,0,39,0
218830,2015-05-15 18:60:27,seo-google,web,windows,0,39,0
348931,2015-03-06 09:60:03,direct_traffic,mobile,iOS,0,39,0
612403,2015-05-31 01:60:26,seo_facebook,web,windows,0,39,0
412898,2015-04-10 00:60:49,ads-google,mobile,iOS,0,39,0
146689,2015-04-03 09:60:53,direct_traffic,mobile,android,1,59,0
384208,2015-04-11 14:60:39,ads-google,web,windows,0,39,0
471895,2015-04-24 18:60:59,direct_traffic,web,windows,0,39,0
938244,2015-03-20 12:60:51,ads-google,mobile,android,0,39,0
989525,2015-03-19 17:60:09,ads-google,web,windows,1,59,0
584052,2015-04-10 14:60:06,seo-other,mobile,iOS,0,39,0
474959,2015-03-06 04:60:34,seo-other,web,mac,0,39,0
879894,2015-04-10 02:60:55,ads-yahoo,web,windows,0,39,0
926864,2015-05-16 10:60:59,direct_traffic,web,windows,0,39,0
536614,2015-04-05 02:60:41,direct_traffic,mobile,iOS,0,39,0
458513,2015-04-03 12:60:44,seo-other,mobile,other,0,39,0
993908,2015-03-14 16:60:37,ads_facebook,mobile,other,0,39,0
117901,2015-05-03 17:60:29,friend_referral,web,windows,0,39,0
629819,2015-03-07 16:60:55,ads-google,mobile,iOS,0,39,0
385786,2015-05-09 18:60:09,ads-google,mobile,iOS,0,39,0
322512,2015-05-08 17:60:48,ads_facebook,mobile,android,0,39,0
259925,2015-05-09 07:60:12,seo-google,mobile,iOS,0,39,0
371577,2015-04-19 03:60:57,ads-google,mobile,android,0,39,0
683641,2015-05-16 15:60:58,ads-google,mobile,android,1,59,0
254949,2015-04-03 10:60:38,ads_facebook,mobile,android,0,39,0
981004,2015-05-16 08:60:10,ads_other,web,windows,0,39,0
757518,2015-03-28 18:60:44,seo_facebook,mobile,android,0,39,0
911252,2015-03-13 13:60:46,ads_facebook,mobile,android,1,59,0
921952,2015-03-14 20:60:06,seo_facebook,web,windows,1,59,0
704926,2015-03-20 11:60:19,direct_traffic,mobile,android,0,39,0
639475,2015-04-06 05:60:19,ads_facebook,web,mac,1,59,0
989531,2015-03-19 02:60:36,ads-yahoo,mobile,iOS,0,39,0
864533,2015-04-29 22:60:54,ads-google,mobile,android,1,59,0
702914,2015-03-11 12:60:15,direct_traffic,web,windows,0,39,1
382021,2015-04-10 14:60:06,seo-other,mobile,iOS,0,39,0
835871,2015-04-09 11:60:34,ads_facebook,mobile,other,0,39,0
986918,2015-03-15 08:60:60,direct_traffic,mobile,iOS,0,39,1
53476,2015-03-12 11:60:56,ads_facebook,web,windows,1,59,0
5070,2015-05-03 12:60:44,ads-google,web,windows,1,59,0
522703,2015-05-08 10:60:20,ads-google,mobile,other,1,59,0
636816,2015-03-15 12:60:30,ads-google,web,windows,1,59,0
640991,2015-04-03 05:60:23,direct_traffic,mobile,android,0,39,0
295619,2015-05-29 01:60:15,ads_other,web,windows,0,39,0
180760,2015-05-31 12:60:23,friend_referral,web,windows,0,39,0
838288,2015-03-27 17:60:22,ads-google,web,windows,1,59,0
718295,2015-03-20 20:60:41,direct_traffic,mobile,iOS,1,59,0
48495,2015-05-08 07:60:45,direct_traffic,mobile,other,0,39,0
210146,2015-04-19 09:60:20,direct_traffic,mobile,android,0,39,0
395913,2015-04-03 12:60:33,ads_facebook,web,windows,1,59,0
644682,2015-04-13 17:60:14,ads-google,mobile,iOS,1,59,0
353673,2015-03-07 10:60:45,seo_facebook,mobile,iOS,0,39,0
144646,2015-05-12 09:60:50,friend_referral,mobile,iOS,0,39,0
805284,2015-05-02 12:60:56,seo_facebook,mobile,android,0,39,0
351824,2015-04-26 16:60:24,ads-google,mobile,iOS,0,39,0
867219,2015-03-13 13:60:06,friend_referral,mobile,android,0,39,0
172969,2015-05-17 10:60:33,seo-google,web,mac,0,39,0
542749,2015-04-11 11:60:19,ads_facebook,mobile,other,0,39,0
771560,2015-05-12 13:60:22,ads_facebook,web,windows,0,39,0
548581,2015-05-01 22:60:30,ads-google,mobile,android,0,39,0
952472,2015-03-21 18:60:44,ads_other,mobile,android,0,39,0
712549,2015-03-26 15:60:23,ads_facebook,web,windows,1,59,0
865905,2015-04-17 12:60:43,direct_traffic,web,windows,0,39,0
733139,2015-04-19 13:60:04,seo_facebook,mobile,android,0,39,0
809795,2015-05-24 22:60:26,seo-yahoo,mobile,iOS,0,39,0
833494,2015-05-15 15:60:28,seo-yahoo,mobile,iOS,0,39,0
766584,2015-05-30 09:60:35,ads-google,mobile,iOS,0,39,0
5937,2015-03-06 04:60:34,seo-other,web,mac,0,39,0
472179,2015-04-04 06:60:23,ads-google,mobile,android,1,59,0
320922,2015-04-10 13:60:20,direct_traffic,web,windows,0,39,0
3200,2015-03-21 00:60:14,direct_traffic,web,windows,0,39,0
352098,2015-03-27 04:60:24,seo_facebook,mobile,other,0,39,0
329400,2015-04-24 17:60:45,seo-other,web,windows,1,59,0
656640,2015-04-12 12:60:51,friend_referral,mobile,android,0,39,0
964210,2015-05-02 18:60:39,ads-bing,web,windows,0,39,0
356935,2015-03-28 14:60:25,seo-yahoo,web,windows,0,39,0
618009,2015-04-23 01:60:04,ads-google,web,windows,1,59,0
269630,2015-03-14 13:60:38,ads_facebook,mobile,iOS,0,39,0
960749,2015-05-30 10:60:06,seo_facebook,mobile,android,0,39,0
869596,2015-04-29 15:60:49,ads_facebook,mobile,android,0,39,0
274344,2015-03-29 12:60:06,direct_traffic,mobile,iOS,0,39,0
695413,2015-03-24 16:60:28,ads_other,web,mac,0,39,0
366819,2015-04-07 11:60:58,ads_facebook,mobile,iOS,0,39,0
11503,2015-05-31 12:60:23,friend_referral,web,windows,0,39,0
908873,2015-05-30 12:60:37,seo-google,mobile,iOS,0,39,0
442112,2015-04-17 15:60:11,ads-yahoo,web,windows,1,59,0
139245,2015-03-28 16:60:25,ads-yahoo,mobile,iOS,0,39,0
433189,2015-03-20 08:60:20,seo-google,web,windows,0,39,0
315775,2015-05-29 06:60:01,seo-other,mobile,android,0,39,0
17234,2015-05-17 12:60:40,seo-other,mobile,iOS,1,59,0
8476,2015-03-21 13:60:38,seo-other,mobile,iOS,1,59,0
427188,2015-04-06 21:60:44,direct_traffic,mobile,android,1,59,0
404704,2015-05-04 13:60:23,seo_facebook,mobile,android,0,39,0
20970,2015-04-30 14:60:11,ads-google,web,windows,1,59,0
679645,2015-05-09 14:60:54,friend_referral,mobile,android,0,39,0
548396,2015-03-12 13:60:55,direct_traffic,mobile,android,0,39,0
629004,2015-04-04 19:60:13,ads-google,mobile,other,1,59,0
570569,2015-03-07 20:60:36,direct_traffic,mobile,iOS,0,39,0
388360,2015-05-24 14:60:39,seo-google,mobile,android,0,39,0
488567,2015-03-09 16:60:23,ads-google,web,windows,0,39,0
98965,2015-05-15 08:60:35,ads_facebook,mobile,android,0,39,0
287175,2015-05-30 02:60:17,ads_facebook,web,windows,0,39,0
637548,2015-05-10 14:60:24,friend_referral,web,windows,1,59,0
24894,2015-03-24 18:60:42,ads_other,mobile,android,0,39,0
180453,2015-04-20 12:60:20,ads-google,mobile,android,0,39,0
929335,2015-03-06 01:60:18,direct_traffic,mobile,android,0,39,0
287248,2015-04-08 16:60:42,friend_referral,mobile,other,0,39,1
323737,2015-04-07 19:60:57,ads-google,web,windows,0,39,0
446302,2015-03-14 12:60:18,ads-yahoo,web,windows,0,39,0
504303,2015-04-22 12:60:57,seo-google,web,windows,1,59,0
385417,2015-05-10 11:60:57,direct_traffic,mobile,iOS,0,39,0
606214,2015-05-08 12:60:01,friend_referral,web,windows,1,59,0
136683,2015-05-31 08:60:23,ads_other,mobile,iOS,1,59,0
172930,2015-05-08 12:60:01,friend_referral,web,windows,1,59,0
991584,2015-04-03 10:60:38,ads_facebook,mobile,android,0,39,0
238324,2015-04-19 04:60:03,ads_facebook,mobile,android,0,39,0
727209,2015-03-05 11:60:05,seo-google,mobile,iOS,1,59,0
414866,2015-03-05 12:60:04,ads-google,web,windows,1,59,0
179987,2015-05-06 10:60:38,direct_traffic,mobile,iOS,0,39,0
179732,2015-05-04 05:60:40,direct_traffic,web,windows,1,59,0
574655,2015-04-18 14:60:08,seo-google,web,windows,1,59,0
833010,2015-04-23 12:60:50,seo_facebook,web,windows,0,39,0
348124,2015-04-04 17:60:39,ads_facebook,mobile,iOS,1,59,0
839340,2015-03-18 09:60:37,direct_traffic,mobile,android,1,59,0
20084,2015-04-17 10:60:27,ads-google,web,windows,1,59,0
391207,2015-03-09 11:60:49,ads-google,mobile,iOS,1,59,0
471806,2015-03-21 12:60:10,seo-google,mobile,other,1,59,0
711134,2015-04-23 12:60:57,ads_facebook,mobile,iOS,0,39,0
402311,2015-05-07 23:60:10,direct_traffic,web,windows,0,39,0
625555,2015-05-29 05:60:60,direct_traffic,web,windows,0,39,0
643311,2015-03-05 10:60:50,ads_facebook,mobile,android,1,59,0
914049,2015-05-24 12:60:26,direct_traffic,web,windows,0,39,0
419104,2015-04-10 11:60:08,friend_referral,web,mac,1,59,0
919155,2015-05-24 12:60:26,direct_traffic,web,windows,0,39,0
893413,2015-05-09 14:60:11,ads_facebook,mobile,iOS,1,59,0
846002,2015-05-21 13:60:19,direct_traffic,web,windows,0,39,0
880072,2015-05-29 13:60:29,ads_other,mobile,iOS,0,39,0
680527,2015-04-12 10:60:41,ads_facebook,web,mac,0,39,0
116582,2015-03-21 14:60:28,ads-google,web,windows,0,39,0
214462,2015-03-31 12:60:03,friend_referral,web,windows,0,39,0
750166,2015-05-03 13:60:42,ads_facebook,web,windows,0,39,1
252940,2015-04-12 08:60:33,direct_traffic,mobile,iOS,0,39,1
265459,2015-04-25 15:60:06,ads-google,mobile,android,1,59,0
329874,2015-04-09 10:60:09,ads-google,web,windows,1,59,0
160368,2015-05-05 12:60:05,seo-google,mobile,other,0,39,0
929976,2015-05-16 14:60:33,seo-google,web,mac,0,39,0
134791,2015-05-24 17:60:42,friend_referral,web,windows,0,39,0
610067,2015-03-28 20:60:35,ads-google,web,mac,0,39,0
95172,2015-03-09 10:60:47,direct_traffic,mobile,android,0,39,0
806415,2015-03-26 22:60:56,direct_traffic,web,windows,1,59,0
271350,2015-04-17 10:60:09,ads-google,web,windows,0,39,0
175631,2015-03-06 12:60:38,direct_traffic,web,mac,1,59,0
205803,2015-03-21 05:60:35,ads-yahoo,mobile,android,0,39,0
357577,2015-03-28 11:60:07,direct_traffic,web,windows,0,39,0
917868,2015-04-04 05:60:46,direct_traffic,mobile,iOS,1,59,0
232209,2015-03-10 10:60:01,ads-google,mobile,iOS,1,59,0
383436,2015-04-10 04:60:02,ads_facebook,web,mac,0,39,0
918326,2015-05-07 12:60:21,ads-bing,mobile,iOS,1,59,0
541572,2015-05-16 12:60:04,ads_other,web,windows,1,59,0
943075,2015-05-31 10:60:34,direct_traffic,mobile,iOS,0,39,0
877123,2015-05-29 12:60:25,seo_facebook,web,windows,0,39,0
114736,2015-03-06 18:60:47,ads_other,web,windows,0,39,0
714113,2015-04-04 07:60:56,seo-yahoo,web,mac,0,39,0
586066,2015-03-26 15:60:28,ads_other,mobile,android,0,39,0
451627,2015-04-13 11:60:17,direct_traffic,web,windows,1,59,0
718411,2015-05-12 10:60:34,ads-google,web,windows,0,39,0
888163,2015-04-17 23:60:25,ads-google,mobile,iOS,1,59,0
98815,2015-03-13 11:60:29,seo-other,mobile,iOS,1,59,0
177227,2015-04-16 12:60:50,seo-google,mobile,android,0,39,0
673396,2015-04-10 12:60:30,ads-google,web,windows,0,39,0
889572,2015-04-17 22:60:55,ads-yahoo,mobile,iOS,0,39,0
555353,2015-04-19 02:60:04,ads_facebook,mobile,iOS,0,39,0
267798,2015-03-31 11:60:39,seo_facebook,web,windows,0,39,0
602848,2015-04-11 09:60:31,seo-google,mobile,android,0,39,0
72616,2015-05-16 12:60:20,ads-google,web,windows,1,59,0
952843,2015-04-30 13:60:20,ads-google,web,mac,0,39,0
807010,2015-04-24 15:60:22,direct_traffic,mobile,android,0,39,0
632942,2015-04-13 16:60:17,seo-other,mobile,iOS,1,59,0
21001,2015-04-05 17:60:29,seo-yahoo,mobile,android,0,39,0
210718,2015-03-08 18:60:14,ads-google,mobile,android,0,39,0
292451,2015-05-16 10:60:59,direct_traffic,web,windows,0,39,0
694169,2015-03-15 03:60:43,direct_traffic,mobile,iOS,0,39,0
994548,2015-05-23 04:60:35,seo-yahoo,mobile,android,0,39,0
468750,2015-05-05 16:60:13,seo_facebook,mobile,iOS,0,39,0
968005,2015-04-20 20:60:56,ads_other,web,windows,0,39,0
325621,2015-05-23 12:60:54,seo-google,web,mac,0,39,1
3085,2015-05-14 12:60:44,ads_other,web,windows,1,59,0
175325,2015-05-04 07:60:02,ads_other,mobile,android,1,59,0
905328,2015-03-28 18:60:33,ads-bing,mobile,android,0,39,0
816757,2015-03-13 14:60:05,ads-google,web,mac,0,39,0
72817,2015-05-15 09:60:60,ads_facebook,mobile,android,0,39,0
389323,2015-05-10 17:60:10,ads-bing,mobile,android,0,39,0
512285,2015-05-28 11:60:42,direct_traffic,web,windows,0,39,0
128559,2015-05-02 00:60:52,direct_traffic,mobile,iOS,0,39,0
90576,2015-03-23 12:60:38,direct_traffic,web,mac,0,39,0
13514,2015-05-28 11:60:05,direct_traffic,mobile,iOS,1,59,0
338516,2015-04-01 10:60:03,ads_facebook,mobile,iOS,1,59,0
208009,2015-05-18 11:60:53,ads-bing,mobile,iOS,0,39,0
170839,2015-04-23 17:60:24,ads-google,mobile,android,0,39,0
716468,2015-04-24 17:60:38,direct_traffic,mobile,android,0,39,0
5645,2015-05-09 19:60:51,ads_other,mobile,android,0,39,0
370781,2015-05-02 08:60:29,ads-bing,web,windows,0,39,0
982433,2015-05-16 13:60:29,ads-google,web,windows,0,39,0
56794,2015-05-29 04:60:45,ads_facebook,mobile,android,1,59,0
611768,2015-05-15 01:60:16,seo_facebook,mobile,iOS,0,39,0
944458,2015-04-25 21:60:44,seo_facebook,web,windows,0,39,0
880361,2015-04-18 16:60:26,ads-bing,mobile,iOS,0,39,0
928710,2015-03-27 07:60:36,ads_facebook,mobile,android,1,59,0
817873,2015-04-16 23:60:53,ads_facebook,mobile,iOS,0,39,0
723070,2015-05-30 14:60:36,direct_traffic,web,windows,0,39,0
760982,2015-05-03 04:60:18,seo-other,mobile,iOS,0,39,0
820278,2015-04-30 12:60:23,ads_other,mobile,iOS,0,39,0
280399,2015-05-30 10:60:06,seo_facebook,mobile,android,0,39,0
819671,2015-04-21 19:60:10,ads_facebook,web,windows,0,39,0
661548,2015-03-07 06:60:04,direct_traffic,web,mac,0,39,0
766940,2015-05-15 09:60:18,ads-google,web,windows,1,59,0
208160,2015-05-23 12:60:18,seo_facebook,mobile,iOS,0,39,0
621515,2015-04-10 02:60:10,friend_referral,web,windows,0,39,0
733074,2015-03-22 14:60:43,ads-google,mobile,iOS,0,39,0
898791,2015-04-10 06:60:46,ads-google,web,windows,0,39,0
341759,2015-05-23 10:60:56,seo_facebook,mobile,android,1,59,0
76967,2015-03-27 16:60:59,ads-yahoo,mobile,android,0,39,0
457548,2015-05-15 18:60:22,seo_facebook,web,linux,0,39,0
897664,2015-04-21 19:60:10,ads_facebook,web,windows,0,39,0
476192,2015-04-25 14:60:43,friend_referral,web,windows,1,59,0
164377,2015-03-29 19:60:26,ads_facebook,mobile,other,1,59,0
759681,2015-05-29 11:60:46,ads_facebook,web,mac,0,39,0
238650,2015-05-29 12:60:41,ads-google,web,windows,0,39,0
328303,2015-05-29 00:60:26,ads-google,mobile,iOS,1,59,0
258755,2015-05-01 18:60:48,seo_facebook,web,windows,0,39,0
56176,2015-05-10 09:60:43,ads-google,web,windows,0,39,0
810226,2015-05-27 08:60:12,seo-google,mobile,iOS,0,39,0
283967,2015-05-22 15:60:05,ads_facebook,mobile,iOS,1,59,0
566103,2015-03-27 04:60:27,ads-bing,mobile,iOS,1,59,0
230483,2015-05-29 16:60:60,direct_traffic,mobile,iOS,0,39,0
153023,2015-03-06 09:60:38,ads-google,web,windows,0,39,0
297055,2015-05-16 10:60:35,friend_referral,mobile,android,0,39,0
503926,2015-05-17 08:60:48,direct_traffic,web,linux,0,39,0
208766,2015-05-14 14:60:40,seo-google,mobile,other,0,39,0
51014,2015-05-10 18:60:55,direct_traffic,mobile,android,0,39,0
166417,2015-03-27 10:60:01,seo-google,web,windows,0,39,0
282951,2015-05-09 11:60:01,ads_other,mobile,other,1,59,0
153410,2015-05-01 22:60:30,ads-google,mobile,android,0,39,0
206924,2015-04-04 10:60:04,ads-google,mobile,other,0,39,0
913642,2015-05-02 01:60:37,ads_facebook,web,windows,0,39,0
88675,2015-04-27 12:60:48,ads_facebook,mobile,other,1,59,0
475640,2015-04-01 00:60:02,seo_facebook,web,windows,0,39,0
175422,2015-03-20 12:60:51,ads-google,mobile,android,0,39,0
121666,2015-04-24 08:60:08,ads_other,web,mac,0,39,0
573223,2015-05-07 17:60:49,ads-google,mobile,iOS,1,59,0
683849,2015-03-29 19:60:26,ads_facebook,mobile,other,1,59,0
475538,2015-03-04 18:60:15,seo-yahoo,mobile,iOS,0,39,0
532916,2015-05-22 04:60:12,ads-yahoo,web,windows,1,59,0
989876,2015-05-26 10:60:16,ads-google,mobile,android,0,39,0
709397,2015-03-06 08:60:36,ads_facebook,web,windows,0,39,1
386085,2015-03-27 04:60:24,seo_facebook,mobile,other,0,39,0
78259,2015-03-28 18:60:26,ads_facebook,web,mac,0,39,0
461028,2015-04-24 08:60:17,seo_facebook,web,windows,1,59,0
438883,2015-04-24 08:60:10,ads_facebook,web,mac,0,39,0
130377,2015-04-14 22:60:32,ads_facebook,mobile,android,0,39,0
653397,2015-05-13 16:60:18,seo_facebook,web,windows,0,39,0
708704,2015-03-27 14:60:41,direct_traffic,web,windows,0,39,0
739162,2015-04-26 12:60:01,ads-bing,mobile,android,0,39,0
31898,2015-05-23 10:60:56,seo_facebook,mobile,android,1,59,0
733948,2015-03-03 04:60:24,seo-other,mobile,iOS,0,39,0
494869,2015-05-20 09:60:20,seo_facebook,web,windows,0,39,0
175521,2015-05-30 10:60:32,friend_referral,web,windows,1,59,0
44711,2015-04-18 20:60:45,friend_referral,mobile,iOS,0,39,0
389669,2015-05-08 11:60:45,ads-bing,web,windows,1,59,0
652716,2015-03-27 12:60:50,direct_traffic,mobile,iOS,1,59,0
515651,2015-04-05 14:60:34,friend_referral,mobile,android,0,39,0
493130,2015-04-17 12:60:45,ads-google,web,windows,0,39,0
917450,2015-05-04 18:60:44,ads-google,mobile,other,1,59,0
971187,2015-04-04 08:60:55,friend_referral,mobile,iOS,1,59,0
897722,2015-05-28 05:60:52,friend_referral,web,windows,0,39,0
719857,2015-03-02 11:60:13,seo-other,mobile,iOS,0,39,0
199551,2015-03-12 11:60:56,ads_facebook,web,windows,1,59,0
366765,2015-04-10 03:60:09,ads_other,web,windows,1,59,0
346851,2015-05-06 07:60:23,ads-google,mobile,iOS,0,39,0
465798,2015-04-05 14:60:34,friend_referral,mobile,android,0,39,0
355367,2015-04-06 21:60:44,direct_traffic,mobile,android,1,59,0
923613,2015-03-13 13:60:23,ads-google,mobile,iOS,0,39,0
375675,2015-03-27 14:60:41,direct_traffic,web,windows,0,39,0
866997,2015-03-15 15:60:31,seo_facebook,mobile,android,0,39,0
117278,2015-04-10 15:60:43,ads-google,mobile,iOS,0,39,0
588453,2015-03-07 10:60:51,ads-bing,web,windows,1,59,0
606977,2015-03-21 00:60:24,ads-google,mobile,iOS,0,39,0
460404,2015-05-22 10:60:48,ads-google,mobile,android,0,39,0
476441,2015-04-16 14:60:54,friend_referral,web,windows,1,59,0
564793,2015-03-08 17:60:56,direct_traffic,web,windows,1,59,0
980882,2015-03-29 10:60:59,ads_other,mobile,iOS,1,59,0
118633,2015-04-29 00:60:41,ads_facebook,mobile,iOS,0,39,0
652822,2015-03-15 12:60:30,ads-google,web,windows,1,59,0
861726,2015-04-17 11:60:23,ads-google,mobile,android,1,59,0
99959,2015-04-08 15:60:58,ads-google,mobile,iOS,1,59,0
522594,2015-03-05 10:60:50,ads_facebook,mobile,android,1,59,0
899465,2015-05-24 11:60:26,ads_other,mobile,iOS,0,39,0
235431,2015-04-30 09:60:04,direct_traffic,mobile,other,0,39,0
770798,2015-05-08 07:60:15,direct_traffic,web,windows,0,39,0
670116,2015-05-23 00:60:22,ads_facebook,web,windows,0,39,0
619533,2015-03-08 12:60:16,ads-google,web,windows,1,59,0
925979,2015-03-18 09:60:37,direct_traffic,mobile,android,1,59,0
806547,2015-03-07 14:60:04,direct_traffic,mobile,android,0,39,0
420226,2015-05-15 11:60:13,ads-google,mobile,android,0,39,0
779729,2015-04-05 20:60:32,direct_traffic,mobile,iOS,0,39,0
74340,2015-05-09 16:60:01,ads_facebook,web,windows,1,59,0
86023,2015-05-17 23:60:33,ads-google,mobile,iOS,0,39,0
72184,2015-05-09 12:60:42,ads-yahoo,mobile,iOS,0,39,0
69048,2015-04-03 15:60:25,ads-google,web,mac,1,59,0
723227,2015-03-21 13:60:38,seo-other,mobile,iOS,1,59,0
288762,2015-05-29 14:60:52,ads_facebook,web,windows,0,39,0
745806,2015-04-02 16:60:29,ads-bing,mobile,iOS,1,59,0
437797,2015-04-30 19:60:17,ads-google,mobile,other,0,39,0
140721,2015-03-06 12:60:26,direct_traffic,web,linux,0,39,0
842827,2015-04-12 09:60:50,ads_facebook,mobile,iOS,0,39,0
887260,2015-04-24 07:60:38,ads_facebook,mobile,android,1,59,0
356276,2015-04-21 12:60:12,ads_facebook,web,windows,0,39,0
749557,2015-04-05 08:60:26,seo_facebook,mobile,iOS,0,39,0
84013,2015-04-11 11:60:18,friend_referral,web,windows,0,39,0
800662,2015-04-11 11:60:39,ads-bing,web,windows,0,39,0
682713,2015-03-07 06:60:04,direct_traffic,web,mac,0,39,0
203078,2015-04-30 13:60:20,ads-google,web,mac,0,39,0
563864,2015-04-25 12:60:05,ads_other,mobile,iOS,1,59,0
454296,2015-05-29 14:60:38,seo-google,web,windows,0,39,0
738866,2015-04-19 12:60:28,ads_facebook,web,windows,0,39,0
638094,2015-04-21 12:60:56,seo_facebook,mobile,iOS,1,59,0
77070,2015-03-14 07:60:02,ads_facebook,web,windows,1,59,0
192555,2015-03-13 03:60:56,ads_facebook,mobile,iOS,1,59,0
809996,2015-05-14 12:60:46,direct_traffic,mobile,iOS,0,39,0
612770,2015-03-20 10:60:40,friend_referral,mobile,android,0,39,0
786645,2015-05-02 12:60:28,ads-google,web,windows,1,59,0
103044,2015-04-26 09:60:05,seo_facebook,web,windows,0,39,0
788711,2015-03-13 12:60:13,ads-google,mobile,iOS,0,39,0
326637,2015-03-20 13:60:38,ads_facebook,web,windows,0,39,0
581911,2015-04-06 05:60:19,ads_facebook,web,mac,1,59,0
119474,2015-05-10 10:60:01,seo_facebook,web,windows,0,39,0
195520,2015-05-28 21:60:05,ads_other,web,mac,0,39,0
471904,2015-04-02 16:60:29,ads-bing,mobile,iOS,1,59,0
889597,2015-03-08 09:60:06,ads_facebook,mobile,iOS,0,39,0
325396,2015-03-13 18:60:56,seo_facebook,mobile,other,0,39,0
613660,2015-05-16 22:60:39,seo_facebook,web,windows,1,59,0
393034,2015-03-27 14:60:32,ads_facebook,web,windows,1,59,0
327374,2015-05-20 08:60:37,seo-yahoo,web,windows,0,39,0
762340,2015-03-28 16:60:59,direct_traffic,web,windows,1,59,0
654194,2015-05-29 10:60:11,ads-google,mobile,other,1,59,0
522470,2015-03-07 11:60:57,ads_facebook,mobile,android,0,39,0
225686,2015-03-27 11:60:26,ads-google,web,windows,0,39,0
614064,2015-03-12 14:60:59,ads-google,mobile,android,1,59,0
691028,2015-03-21 02:60:11,friend_referral,web,windows,0,39,0
388154,2015-05-08 12:60:24,seo-google,web,windows,0,39,0
837333,2015-03-06 19:60:16,ads-google,web,windows,0,39,0
818526,2015-03-29 16:60:18,seo_facebook,mobile,iOS,1,59,0
714045,2015-04-04 05:60:46,direct_traffic,mobile,iOS,1,59,0
8576,2015-05-29 00:60:26,ads-google,mobile,iOS,1,59,0
424229,2015-05-27 16:60:59,ads_facebook,mobile,iOS,1,59,0
893985,2015-03-06 08:60:12,ads_facebook,mobile,android,0,39,0
208790,2015-04-13 11:60:17,direct_traffic,web,windows,1,59,0
471692,2015-04-04 09:60:32,seo-google,mobile,android,0,39,0
778605,2015-05-23 12:60:08,direct_traffic,mobile,android,0,39,0
26593,2015-04-03 01:60:02,ads_other,mobile,android,1,59,0
225179,2015-03-21 03:60:24,ads-google,web,mac,0,39,0
198819,2015-05-15 12:60:08,seo_facebook,web,linux,0,39,0
248603,2015-04-06 08:60:57,seo_facebook,mobile,iOS,1,59,0
127573,2015-04-08 15:60:58,ads-google,mobile,iOS,1,59,0
657315,2015-05-29 18:60:30,seo-google,mobile,android,1,59,0
266322,2015-05-22 16:60:11,ads_facebook,mobile,iOS,0,39,0
931085,2015-04-03 09:60:20,ads-google,mobile,iOS,1,59,0
490810,2015-04-03 09:60:11,ads_facebook,mobile,other,1,59,0
554230,2015-04-24 10:60:40,ads-google,web,windows,0,39,0
32045,2015-03-12 10:60:30,seo_facebook,mobile,iOS,0,39,0
633866,2015-05-09 17:60:33,ads-google,mobile,android,0,39,0
375824,2015-03-29 13:60:26,direct_traffic,mobile,android,0,39,0
947402,2015-03-15 02:60:31,direct_traffic,mobile,iOS,0,39,0
890107,2015-04-03 11:60:08,ads_other,web,windows,0,39,0
767759,2015-04-03 17:60:60,seo-other,web,windows,1,59,0
221160,2015-04-12 09:60:50,ads_facebook,mobile,iOS,0,39,0
868232,2015-04-05 12:60:05,ads_other,mobile,android,0,39,0
414929,2015-05-16 13:60:38,ads_facebook,mobile,other,0,39,0
863043,2015-03-28 17:60:48,ads-google,mobile,iOS,0,39,0
644810,2015-04-03 10:60:21,seo-other,mobile,android,0,39,0
284972,2015-03-08 09:60:05,ads_facebook,mobile,android,1,59,0
327443,2015-05-23 10:60:56,seo_facebook,mobile,android,1,59,0
88537,2015-04-25 09:60:02,ads-bing,mobile,android,1,59,0
751494,2015-04-04 12:60:59,direct_traffic,web,mac,1,59,0
653238,2015-05-04 08:60:39,friend_referral,web,windows,0,39,0
168267,2015-03-07 14:60:04,direct_traffic,mobile,android,0,39,0
538640,2015-04-04 17:60:60,ads_other,web,linux,0,39,0
632691,2015-04-07 09:60:30,direct_traffic,mobile,iOS,0,39,0
382877,2015-05-28 18:60:23,seo-other,web,windows,1,59,0
247733,2015-03-27 10:60:01,seo-google,web,windows,0,39,0
282503,2015-05-17 05:60:45,direct_traffic,mobile,iOS,1,59,0
621660,2015-03-19 10:60:42,direct_traffic,mobile,iOS,0,39,1
900326,2015-04-25 10:60:27,ads-google,web,windows,0,39,1
417127,2015-03-08 12:60:39,direct_traffic,mobile,iOS,0,39,0
200306,2015-05-17 04:60:37,direct_traffic,web,windows,0,39,0
317816,2015-03-06 09:60:38,ads-google,web,windows,0,39,0
729222,2015-05-17 14:60:44,direct_traffic,mobile,iOS,0,39,0
120100,2015-03-19 17:60:09,ads-google,web,windows,1,59,0
236800,2015-03-10 10:60:01,ads-google,mobile,iOS,1,59,0
394147,2015-04-16 07:60:60,ads_facebook,mobile,iOS,0,39,0
161634,2015-05-23 10:60:22,direct_traffic,web,windows,0,39,0
659641,2015-04-01 13:60:60,seo_facebook,mobile,other,1,59,0
413264,2015-04-03 11:60:08,ads_other,web,windows,0,39,0
487370,2015-03-03 02:60:19,ads-google,web,windows,0,39,0
544484,2015-04-30 08:60:45,seo-google,mobile,iOS,1,59,0
562421,2015-03-08 00:60:06,ads_other,web,windows,1,59,0
559200,2015-03-10 08:60:46,direct_traffic,web,windows,0,39,0
974425,2015-05-17 14:60:05,seo-google,web,windows,0,39,0
234501,2015-04-09 21:60:21,ads_other,mobile,android,1,59,0
535113,2015-05-27 11:60:23,ads-google,mobile,android,0,39,0
67771,2015-04-25 18:60:33,ads_other,mobile,android,0,39,0
481245,2015-04-03 12:60:14,friend_referral,mobile,android,0,39,1
782930,2015-05-29 11:60:23,ads-google,mobile,iOS,0,39,0
596744,2015-03-20 14:60:35,friend_referral,web,mac,0,39,0
435714,2015-03-02 05:60:47,ads-google,mobile,android,1,59,0
311233,2015-03-26 09:60:02,ads_facebook,mobile,iOS,1,59,0
429323,2015-05-03 12:60:51,seo-google,mobile,android,0,39,0
958570,2015-05-27 03:60:46,direct_traffic,mobile,android,1,59,0
106148,2015-04-28 13:60:09,ads_other,web,windows,1,59,0
148463,2015-03-07 11:60:57,ads_other,web,windows,1,59,0
664950,2015-03-06 18:60:58,friend_referral,web,windows,0,39,0
303294,2015-04-28 12:60:31,ads-google,mobile,android,1,59,0
783013,2015-04-10 14:60:58,seo-google,mobile,iOS,1,59,0
251535,2015-04-30 12:60:23,seo_facebook,mobile,android,0,39,0
67118,2015-04-20 11:60:27,ads_facebook,mobile,iOS,0,39,0
369990,2015-03-20 11:60:15,ads-google,web,mac,0,39,0
917326,2015-05-30 15:60:27,ads-bing,web,windows,0,39,0
277325,2015-05-08 14:60:10,ads-google,mobile,iOS,1,59,1
503614,2015-05-23 11:60:15,ads_facebook,mobile,iOS,0,39,0
796267,2015-05-30 00:60:27,ads_facebook,mobile,other,1,59,0
558635,2015-05-15 10:60:38,ads_other,mobile,android,0,39,0
67315,2015-05-18 10:60:26,ads-google,web,windows,0,39,0
471982,2015-05-17 17:60:59,ads_facebook,mobile,iOS,0,39,0
545505,2015-05-13 04:60:33,direct_traffic,mobile,android,0,39,0
355829,2015-03-21 13:60:38,seo-other,mobile,iOS,1,59,0
402969,2015-04-03 18:60:05,ads-google,mobile,android,0,39,0
388625,2015-04-17 18:60:59,ads-google,mobile,android,0,39,0
3479,2015-04-07 12:60:33,direct_traffic,web,linux,0,39,0
914983,2015-03-12 13:60:23,seo-google,mobile,android,1,59,0
717270,2015-03-15 12:60:28,seo-google,web,mac,0,39,0
327332,2015-05-29 12:60:37,direct_traffic,web,windows,0,39,0
920036,2015-03-10 10:60:18,direct_traffic,mobile,iOS,0,39,0
961038,2015-03-28 13:60:44,ads_other,web,windows,0,39,0
40243,2015-05-10 15:60:25,seo_facebook,web,windows,0,39,1
213742,2015-03-13 01:60:50,direct_traffic,mobile,iOS,0,39,0
647458,2015-04-20 17:60:39,direct_traffic,web,mac,0,39,0
875710,2015-05-16 10:60:38,ads_facebook,mobile,android,0,39,0
137205,2015-04-05 02:60:14,ads-google,mobile,iOS,1,59,1
350296,2015-05-06 12:60:14,direct_traffic,mobile,iOS,0,39,0
80023,2015-04-26 19:60:32,direct_traffic,mobile,android,0,39,0
972926,2015-04-17 10:60:59,seo-yahoo,web,mac,0,39,0
276714,2015-04-01 20:60:16,ads_other,web,windows,1,59,0
327418,2015-04-26 10:60:18,ads_facebook,mobile,android,0,39,0
592984,2015-04-02 10:60:05,friend_referral,mobile,other,1,59,0
798025,2015-04-11 09:60:31,seo-google,mobile,android,0,39,0
932585,2015-03-14 18:60:34,direct_traffic,mobile,iOS,0,39,0
675475,2015-04-28 10:60:58,ads-google,web,windows,0,39,0
405362,2015-05-18 19:60:10,direct_traffic,web,linux,1,59,0
411216,2015-04-12 12:60:27,ads_facebook,mobile,android,1,59,0
888137,2015-05-03 12:60:51,seo-google,mobile,android,0,39,0
874357,2015-04-18 09:60:51,ads-google,web,windows,1,59,0
338642,2015-04-23 12:60:24,ads-bing,mobile,android,0,39,0
120063,2015-05-08 20:60:47,ads_facebook,mobile,iOS,0,39,0
18984,2015-03-07 01:60:04,ads_facebook,mobile,iOS,0,39,0
7520,2015-03-10 17:60:15,seo-google,web,windows,0,39,0
568303,2015-05-29 22:60:21,ads-bing,mobile,android,0,39,0
532840,2015-03-14 11:60:56,seo_facebook,mobile,iOS,1,59,0
445863,2015-04-02 12:60:08,seo-google,mobile,iOS,0,39,0
371370,2015-04-10 17:60:36,ads_facebook,web,windows,1,59,0
766420,2015-04-10 12:60:02,ads-bing,mobile,iOS,1,59,0
210975,2015-05-02 03:60:59,ads_other,mobile,android,0,39,0
478308,2015-05-19 12:60:31,ads-google,mobile,iOS,0,39,0
970051,2015-05-09 08:60:25,ads-bing,mobile,other,1,59,0
575819,2015-03-02 11:60:08,ads-bing,web,windows,0,39,0
203770,2015-04-10 19:60:58,seo-yahoo,mobile,android,1,59,0
647254,2015-05-08 09:60:03,ads_facebook,mobile,iOS,1,59,0
58361,2015-05-02 09:60:58,ads_facebook,web,windows,1,59,0
668296,2015-04-02 18:60:35,ads-google,web,windows,0,39,0
825905,2015-05-28 17:60:60,ads-google,web,windows,1,59,0
986353,2015-03-27 11:60:28,direct_traffic,mobile,iOS,0,39,0
433555,2015-04-11 10:60:08,ads-yahoo,mobile,iOS,0,39,0
934548,2015-05-09 16:60:01,ads_facebook,web,windows,1,59,0
212584,2015-05-23 17:60:03,direct_traffic,web,windows,0,39,0
210230,2015-05-23 12:60:18,seo_facebook,mobile,iOS,0,39,0
184423,2015-05-01 18:60:36,ads_facebook,web,windows,1,59,0
338666,2015-03-11 07:60:58,seo-google,web,windows,0,39,0
877396,2015-05-16 10:60:35,friend_referral,mobile,android,0,39,0
977449,2015-05-30 12:60:45,ads-bing,web,windows,0,39,0
58031,2015-03-25 12:60:59,seo-other,web,windows,1,59,0
250412,2015-05-02 02:60:52,direct_traffic,web,windows,0,39,1
302523,2015-04-12 01:60:07,ads-google,web,linux,0,39,0
865408,2015-05-23 11:60:15,ads_facebook,mobile,iOS,0,39,0
664599,2015-03-22 16:60:43,friend_referral,mobile,iOS,0,39,0
85528,2015-05-09 01:60:58,seo-google,web,windows,0,39,0
258399,2015-04-26 10:60:18,ads_facebook,mobile,android,0,39,0
25621,2015-04-29 07:60:18,seo-other,mobile,iOS,1,59,0
534032,2015-05-15 12:60:28,ads_facebook,mobile,iOS,0,39,0
344111,2015-04-19 19:60:20,ads_other,web,windows,1,59,0
394574,2015-05-22 12:60:39,ads_facebook,mobile,android,1,59,0
445616,2015-03-06 19:60:16,ads-google,web,windows,0,39,0
165848,2015-03-23 02:60:39,direct_traffic,mobile,iOS,0,39,0
341371,2015-05-07 10:60:36,seo-google,mobile,iOS,1,59,0
410484,2015-03-24 16:60:06,ads_facebook,mobile,iOS,1,59,0
468700,2015-04-19 11:60:34,direct_traffic,web,mac,1,59,0
447557,2015-03-06 04:60:47,friend_referral,mobile,android,1,59,0
63269,2015-03-13 14:60:05,ads-google,web,mac,0,39,0
709212,2015-03-16 23:60:28,ads_other,mobile,iOS,1,59,0
417951,2015-05-29 10:60:22,direct_traffic,mobile,android,1,59,0
552645,2015-03-29 10:60:59,ads_other,mobile,iOS,1,59,0
799386,2015-05-12 12:60:04,ads_other,mobile,android,0,39,0
50872,2015-03-29 12:60:06,direct_traffic,mobile,iOS,0,39,0
124497,2015-04-25 12:60:46,seo-yahoo,mobile,iOS,1,59,0
683012,2015-05-21 12:60:19,ads_facebook,mobile,iOS,0,39,0
590410,2015-03-22 08:60:56,seo-yahoo,web,mac,0,39,0
886926,2015-03-13 12:60:57,ads_facebook,web,windows,0,39,0
864470,2015-03-08 15:60:36,ads_facebook,web,windows,1,59,0
202504,2015-03-28 13:60:44,ads_other,web,windows,0,39,0
458462,2015-05-02 09:60:52,seo-yahoo,mobile,android,1,59,0
357284,2015-03-31 12:60:50,ads-bing,mobile,android,0,39,0
112693,2015-04-29 17:60:31,seo_facebook,mobile,iOS,0,39,0
275178,2015-03-27 12:60:15,ads_other,mobile,iOS,0,39,0
648577,2015-05-16 07:60:03,ads_facebook,mobile,iOS,0,39,0
869110,2015-03-12 15:60:47,seo-other,web,windows,0,39,0
132048,2015-03-06 12:60:48,direct_traffic,mobile,android,1,59,0
170307,2015-03-20 08:60:20,seo-google,web,windows,0,39,0
36295,2015-05-24 03:60:04,ads-google,mobile,android,1,59,0
379206,2015-05-22 11:60:56,seo-google,mobile,android,0,39,0
581309,2015-05-02 14:60:41,ads_facebook,mobile,iOS,1,59,0
213498,2015-04-24 08:60:10,ads_facebook,web,mac,0,39,0
619783,2015-05-29 06:60:01,seo-other,mobile,android,0,39,0
276234,2015-03-13 18:60:25,seo-yahoo,mobile,android,1,59,0
582368,2015-05-15 04:60:60,seo-google,web,windows,0,39,0
825678,2015-05-08 12:60:43,ads-google,mobile,iOS,0,39,0
46418,2015-03-12 13:60:23,seo-google,mobile,android,1,59,0
116894,2015-04-24 16:60:11,ads-google,mobile,android,1,59,0
398393,2015-03-21 13:60:29,ads-google,web,windows,0,39,0
949781,2015-03-28 08:60:27,seo-google,mobile,iOS,0,39,0
771063,2015-04-08 15:60:58,ads-google,mobile,iOS,1,59,0
486510,2015-04-14 12:60:43,direct_traffic,mobile,iOS,1,59,0
920419,2015-03-21 19:60:08,friend_referral,mobile,iOS,0,39,0
803538,2015-03-21 08:60:42,seo-other,web,windows,1,59,0
394684,2015-04-06 12:60:24,direct_traffic,web,windows,0,39,0
327974,2015-03-03 17:60:54,ads-google,web,windows,0,39,0
128463,2015-04-13 18:60:48,seo_facebook,mobile,android,0,39,0
186647,2015-03-22 14:60:43,ads-google,mobile,iOS,0,39,0
100404,2015-05-14 09:60:36,direct_traffic,mobile,android,0,39,0
769651,2015-03-29 00:60:53,ads_facebook,web,windows,0,39,0
229260,2015-05-01 17:60:59,direct_traffic,mobile,iOS,0,39,0
19049,2015-04-04 10:60:41,ads_facebook,web,mac,0,39,0
974496,2015-05-29 15:60:45,ads-google,mobile,android,0,39,0
54058,2015-04-05 12:60:27,seo_facebook,web,windows,1,59,0
272572,2015-04-23 19:60:32,seo-other,web,windows,0,39,0
901913,2015-03-18 09:60:37,direct_traffic,mobile,android,1,59,0
373084,2015-04-04 18:60:41,ads-yahoo,web,windows,1,59,0
219397,2015-04-17 10:60:27,direct_traffic,mobile,other,0,39,0
201474,2015-03-22 06:60:34,ads-google,mobile,android,1,59,0
765133,2015-05-16 22:60:39,seo_facebook,web,windows,1,59,0
276996,2015-05-19 11:60:10,ads_other,mobile,android,1,59,0
545622,2015-05-07 01:60:51,ads_facebook,mobile,android,0,39,0
849863,2015-04-10 00:60:23,ads-bing,mobile,iOS,1,59,0
155332,2015-03-15 11:60:04,seo_facebook,web,windows,0,39,0
949491,2015-03-12 11:60:19,ads-google,mobile,iOS,0,39,1
792965,2015-03-26 22:60:13,ads-google,mobile,android,1,59,0
488635,2015-04-28 13:60:55,ads_other,web,windows,0,39,0
13873,2015-03-28 11:60:56,ads_facebook,web,linux,0,39,0
332834,2015-05-04 05:60:40,direct_traffic,web,windows,1,59,0
34808,2015-04-17 10:60:59,seo-yahoo,web,mac,0,39,0
297961,2015-03-27 17:60:36,ads_facebook,web,windows,1,59,0
716215,2015-03-13 01:60:50,direct_traffic,mobile,iOS,0,39,0
685604,2015-03-29 19:60:37,ads_facebook,mobile,android,0,39,0
706429,2015-04-05 04:60:33,friend_referral,web,windows,0,39,0
313095,2015-04-21 12:60:47,ads_facebook,mobile,other,1,59,0
35363,2015-03-12 10:60:19,direct_traffic,web,windows,0,39,0
546055,2015-05-31 16:60:41,seo-yahoo,mobile,android,0,39,0
544557,2015-05-16 15:60:58,ads-google,mobile,android,1,59,0
374365,2015-04-17 12:60:38,ads-yahoo,mobile,iOS,1,59,0
854607,2015-05-16 17:60:60,ads_facebook,web,windows,0,39,0
847325,2015-03-14 11:60:56,seo_facebook,mobile,iOS,1,59,0
552420,2015-05-22 16:60:22,ads_other,web,windows,1,59,0
359538,2015-05-22 12:60:19,direct_traffic,mobile,android,1,59,0
897637,2015-05-31 10:60:56,direct_traffic,mobile,android,1,59,0
435437,2015-05-08 13:60:38,direct_traffic,web,linux,1,59,0
575889,2015-05-18 20:60:42,seo_facebook,mobile,android,0,39,0
386916,2015-04-10 18:60:09,seo_facebook,web,mac,0,39,0
348238,2015-04-02 18:60:35,ads-google,web,windows,0,39,0
669771,2015-05-08 10:60:27,ads-bing,web,windows,1,59,0
407633,2015-03-20 11:60:15,ads-google,web,mac,0,39,0
641810,2015-04-17 23:60:25,ads-google,mobile,iOS,1,59,0
525632,2015-05-31 18:60:16,direct_traffic,mobile,iOS,0,39,0
360229,2015-05-03 09:60:56,ads_facebook,mobile,iOS,0,39,0
988977,2015-05-16 10:60:35,friend_referral,mobile,android,0,39,0
913229,2015-05-31 08:60:06,friend_referral,mobile,iOS,0,39,0
345935,2015-05-29 12:60:01,direct_traffic,mobile,iOS,0,39,0
437275,2015-04-17 14:60:37,ads_other,mobile,android,0,39,0
271233,2015-03-14 15:60:38,ads-google,mobile,android,1,59,0
322773,2015-03-21 02:60:11,friend_referral,web,windows,0,39,0
137233,2015-03-20 03:60:24,ads_facebook,web,windows,0,39,0
639134,2015-05-15 12:60:42,ads-google,mobile,android,0,39,0
997968,2015-04-12 13:60:28,direct_traffic,mobile,android,1,59,0
77549,2015-05-17 17:60:39,direct_traffic,mobile,iOS,0,39,0
725285,2015-04-26 09:60:05,seo_facebook,web,windows,0,39,0
126715,2015-05-01 21:60:54,seo-google,web,mac,0,39,0
803846,2015-04-12 01:60:07,ads-google,web,linux,0,39,0
758595,2015-03-20 15:60:09,ads-google,mobile,iOS,0,39,0
724923,2015-04-22 11:60:44,ads_facebook,mobile,android,1,59,0
417473,2015-05-10 10:60:12,direct_traffic,mobile,android,0,39,0
19865,2015-04-10 17:60:58,ads-google,mobile,iOS,0,39,0
730571,2015-05-09 16:60:27,ads-google,web,windows,0,39,0
917922,2015-03-20 20:60:39,ads_facebook,mobile,iOS,0,39,0
205106,2015-03-06 17:60:22,direct_traffic,mobile,iOS,1,59,0
688928,2015-03-20 15:60:13,seo-google,mobile,android,1,59,0
999719,2015-05-16 09:60:54,ads_facebook,mobile,android,1,59,0
623282,2015-03-31 12:60:39,ads_facebook,mobile,iOS,0,39,0
783620,2015-05-29 05:60:08,seo-google,mobile,android,0,39,0
821560,2015-03-21 14:60:10,direct_traffic,web,windows,0,39,0
51840,2015-04-04 08:60:55,seo-yahoo,mobile,other,0,39,0
159486,2015-05-19 17:60:43,ads-bing,web,windows,0,39,0
780777,2015-03-14 15:60:36,ads_facebook,web,mac,0,39,0
735813,2015-03-20 15:60:24,seo-google,web,windows,0,39,0
732757,2015-03-15 12:60:18,ads-google,mobile,android,1,59,0
30122,2015-05-07 10:60:36,seo-google,mobile,iOS,1,59,0
807195,2015-04-22 05:60:34,direct_traffic,mobile,iOS,1,59,0
625503,2015-03-28 14:60:16,direct_traffic,mobile,iOS,0,39,0
760361,2015-05-05 15:60:17,ads_facebook,mobile,iOS,1,59,0
892575,2015-03-07 14:60:42,ads_other,mobile,other,1,59,0
827352,2015-04-05 14:60:12,direct_traffic,mobile,android,0,39,0
230485,2015-05-28 11:60:42,seo-yahoo,mobile,iOS,0,39,0
468104,2015-05-16 06:60:01,ads-google,mobile,android,1,59,0
525635,2015-05-02 00:60:18,ads_facebook,mobile,iOS,0,39,0
768679,2015-03-07 12:60:02,ads-google,mobile,iOS,0,39,0
328908,2015-05-30 12:60:52,friend_referral,mobile,iOS,0,39,0
225758,2015-05-16 12:60:48,ads_facebook,mobile,android,0,39,0
789044,2015-03-07 02:60:04,seo-google,mobile,iOS,0,39,0
684521,2015-04-24 19:60:22,direct_traffic,mobile,iOS,0,39,0
786541,2015-05-02 00:60:18,ads_facebook,mobile,iOS,0,39,0
681951,2015-04-16 14:60:52,seo-google,mobile,iOS,0,39,0
299370,2015-03-23 04:60:26,seo_facebook,mobile,iOS,1,59,0
114779,2015-03-02 01:60:35,ads_facebook,mobile,iOS,0,39,0
757366,2015-03-26 15:60:45,ads-bing,web,windows,0,39,0
543973,2015-03-08 11:60:35,direct_traffic,web,windows,0,39,0
716055,2015-03-15 04:60:29,ads_facebook,mobile,iOS,0,39,0
784144,2015-03-30 11:60:34,ads-bing,web,mac,0,39,0
152964,2015-05-28 11:60:42,direct_traffic,web,windows,0,39,0
525242,2015-05-08 18:60:13,seo-google,mobile,iOS,0,39,0
633482,2015-05-30 12:60:13,direct_traffic,web,windows,0,39,0
468438,2015-05-12 02:60:30,seo_facebook,web,windows,1,59,0
223862,2015-04-07 19:60:57,ads-google,web,windows,0,39,0
493426,2015-05-30 14:60:53,ads_facebook,mobile,iOS,0,39,0
972590,2015-03-05 03:60:48,ads-yahoo,mobile,android,0,39,0
878974,2015-04-26 17:60:57,ads_other,web,windows,0,39,0
827232,2015-05-14 13:60:25,ads-google,mobile,iOS,1,59,0
296675,2015-05-06 08:60:58,ads-bing,mobile,iOS,1,59,0
493460,2015-05-30 02:60:17,ads_facebook,web,windows,0,39,0
214004,2015-05-30 22:60:26,friend_referral,mobile,iOS,0,39,0
266210,2015-03-13 12:60:33,ads-bing,mobile,android,0,39,0
498762,2015-04-18 02:60:11,ads-google,mobile,iOS,0,39,0
768966,2015-05-16 13:60:06,ads-google,mobile,android,0,39,0
58439,2015-05-09 07:60:33,ads_facebook,web,windows,1,59,0
608404,2015-05-28 05:60:52,friend_referral,web,windows,0,39,0
860266,2015-03-09 11:60:49,ads-google,mobile,iOS,1,59,0
904108,2015-05-01 13:60:21,direct_traffic,mobile,android,0,39,0
761519,2015-03-13 11:60:04,ads_facebook,web,windows,1,59,0
904035,2015-05-01 07:60:46,friend_referral,web,windows,1,59,0
352447,2015-04-12 06:60:10,ads-google,mobile,iOS,0,39,0
626389,2015-05-02 18:60:39,ads-bing,web,windows,0,39,0
712318,2015-03-06 11:60:14,seo_facebook,mobile,iOS,0,39,0
370106,2015-05-16 06:60:01,ads-google,mobile,android,1,59,0
723516,2015-04-22 09:60:56,seo_facebook,mobile,android,0,39,0
448729,2015-05-09 17:60:08,ads_facebook,mobile,iOS,0,39,0
182953,2015-04-25 12:60:30,ads-google,web,windows,1,59,0
815718,2015-05-24 11:60:17,ads_other,mobile,android,0,39,0
624113,2015-04-10 08:60:58,seo-bing,mobile,android,1,59,0
413907,2015-05-16 11:60:16,seo-google,mobile,other,0,39,0
364166,2015-05-23 13:60:27,ads-google,web,windows,1,59,0
430106,2015-04-11 11:60:19,ads_facebook,mobile,other,0,39,0
346154,2015-03-08 07:60:13,ads_facebook,web,windows,1,59,0
758082,2015-05-24 18:60:60,seo_facebook,mobile,iOS,0,39,0
69182,2015-05-09 09:60:53,direct_traffic,mobile,iOS,1,59,0
113942,2015-03-07 13:60:36,ads_facebook,mobile,android,1,59,0
284985,2015-04-11 11:60:58,seo-google,web,windows,0,39,0
644801,2015-03-22 02:60:40,direct_traffic,web,windows,0,39,0
39209,2015-05-09 17:60:35,ads-google,mobile,iOS,1,59,0
979328,2015-03-13 13:60:46,ads_facebook,mobile,android,1,59,0
928887,2015-05-08 13:60:10,ads-google,mobile,iOS,0,39,0
3138,2015-05-15 12:60:08,ads-bing,mobile,other,1,59,0
781674,2015-05-10 10:60:01,seo_facebook,web,windows,0,39,0
887461,2015-04-27 03:60:24,ads_facebook,mobile,iOS,0,39,0
482627,2015-04-21 02:60:17,seo_facebook,mobile,iOS,1,59,0
572419,2015-04-10 02:60:55,ads-yahoo,web,windows,0,39,0
53575,2015-05-09 10:60:41,ads-yahoo,mobile,iOS,1,59,0
336373,2015-04-18 08:60:53,friend_referral,web,windows,0,39,0
103772,2015-03-07 10:60:27,friend_referral,web,windows,0,39,0
401494,2015-05-09 11:60:57,ads_facebook,web,windows,1,59,0
524875,2015-04-02 12:60:20,ads-bing,mobile,iOS,0,39,0
687221,2015-03-26 08:60:51,ads-bing,mobile,android,1,59,0
635812,2015-05-14 11:60:17,ads-google,mobile,android,0,39,0
456850,2015-05-31 14:60:53,seo_facebook,mobile,android,0,39,0
58314,2015-04-11 11:60:19,ads_facebook,mobile,other,0,39,0
254251,2015-04-11 09:60:31,seo-google,mobile,android,0,39,0
928292,2015-05-01 15:60:18,direct_traffic,mobile,android,0,39,0
930260,2015-04-17 04:60:54,seo-other,web,windows,0,39,0
467223,2015-04-24 16:60:53,ads-yahoo,web,windows,0,39,0
626898,2015-04-18 08:60:13,friend_referral,mobile,iOS,1,59,1
77550,2015-04-03 12:60:44,seo-other,mobile,other,0,39,0
920854,2015-03-20 11:60:08,direct_traffic,mobile,android,1,59,0
128937,2015-03-06 12:60:19,ads_facebook,mobile,android,1,59,0
734293,2015-05-29 11:60:46,ads_facebook,web,mac,0,39,0
404621,2015-05-09 12:60:42,ads-yahoo,mobile,iOS,0,39,0
301740,2015-04-03 12:60:16,ads_facebook,mobile,android,0,39,0
228246,2015-03-20 04:60:54,ads_other,web,mac,1,59,0
102993,2015-04-12 18:60:20,friend_referral,mobile,iOS,0,39,0
926149,2015-05-07 12:60:26,friend_referral,mobile,iOS,0,39,0
550944,2015-04-11 14:60:30,friend_referral,mobile,android,0,39,0
922438,2015-04-11 09:60:18,direct_traffic,mobile,android,1,59,0
125443,2015-03-27 17:60:22,ads-google,web,windows,1,59,0
972242,2015-05-30 12:60:13,direct_traffic,web,windows,0,39,0
572155,2015-04-19 12:60:28,ads_facebook,web,windows,0,39,0
379644,2015-03-06 14:60:13,direct_traffic,mobile,android,0,39,0
886752,2015-04-28 13:60:55,ads_other,web,windows,0,39,0
550584,2015-05-09 07:60:55,direct_traffic,web,windows,1,59,0
108683,2015-04-18 12:60:44,ads-yahoo,web,windows,1,59,0
917338,2015-05-30 15:60:27,ads-bing,web,windows,0,39,0
41068,2015-03-19 15:60:22,ads_other,mobile,iOS,1,59,0
44730,2015-05-24 12:60:52,ads_facebook,mobile,iOS,1,59,0
334859,2015-05-09 23:60:51,ads-google,mobile,iOS,0,39,0
697419,2015-03-07 16:60:55,ads-google,mobile,iOS,0,39,0
701640,2015-05-29 14:60:38,seo-google,web,windows,0,39,0
61222,2015-05-15 00:60:53,ads_facebook,web,windows,1,59,0
852213,2015-05-08 09:60:32,ads-bing,mobile,iOS,0,39,0
976011,2015-05-30 23:60:01,seo-google,web,windows,0,39,0
753755,2015-05-02 16:60:56,seo-other,mobile,iOS,0,39,0
194092,2015-03-07 00:60:31,ads_facebook,mobile,android,0,39,0
68234,2015-05-16 12:60:12,direct_traffic,web,windows,0,39,0
709144,2015-04-28 12:60:06,seo_facebook,web,mac,0,39,1
477052,2015-05-02 09:60:52,seo-yahoo,mobile,android,1,59,0
286968,2015-04-04 01:60:14,ads_facebook,mobile,iOS,1,59,0
690805,2015-04-25 09:60:33,ads_facebook,web,windows,0,39,0
714708,2015-05-24 10:60:40,seo-google,web,windows,1,59,0
180675,2015-04-10 00:60:49,ads-google,mobile,iOS,0,39,0
721771,2015-04-17 12:60:38,ads-yahoo,mobile,iOS,1,59,0
968306,2015-03-29 10:60:18,ads_facebook,mobile,android,0,39,0
355820,2015-04-24 10:60:42,direct_traffic,web,linux,0,39,0
538504,2015-04-26 00:60:42,ads-google,web,mac,1,59,0
872630,2015-04-11 12:60:09,ads_facebook,mobile,iOS,0,39,0
193065,2015-05-09 01:60:13,seo-other,mobile,iOS,1,59,0
870011,2015-03-16 23:60:26,friend_referral,web,windows,0,39,0
330540,2015-05-09 21:60:23,seo_facebook,mobile,android,0,39,0
918916,2015-04-08 17:60:32,direct_traffic,mobile,android,0,39,0
274993,2015-04-18 09:60:51,ads-google,web,windows,1,59,0
904900,2015-05-07 17:60:30,seo-yahoo,mobile,iOS,1,59,0
482301,2015-03-31 12:60:50,ads-bing,mobile,android,0,39,0
334734,2015-03-06 12:60:48,direct_traffic,mobile,android,1,59,0
380752,2015-03-14 12:60:02,direct_traffic,web,windows,0,39,0
632873,2015-03-28 14:60:16,direct_traffic,mobile,iOS,0,39,0
663416,2015-03-30 20:60:01,friend_referral,mobile,iOS,1,59,0
551479,2015-05-23 00:60:22,ads_facebook,web,windows,0,39,0
160136,2015-04-17 15:60:25,direct_traffic,mobile,iOS,0,39,0
738262,2015-05-08 16:60:41,ads-yahoo,mobile,iOS,1,59,0
603361,2015-04-10 00:60:23,ads-bing,mobile,iOS,1,59,0
708755,2015-05-04 07:60:26,ads_other,web,mac,0,39,0
731525,2015-03-07 09:60:39,seo-google,web,windows,0,39,0
18364,2015-05-16 01:60:49,ads_other,web,windows,1,59,0
104381,2015-04-25 14:60:31,seo-google,mobile,iOS,0,39,0
971754,2015-05-07 19:60:26,ads-bing,web,windows,0,39,0
727291,2015-03-09 11:60:49,ads-google,mobile,iOS,1,59,0
219790,2015-05-06 10:60:38,direct_traffic,mobile,iOS,0,39,0
47716,2015-03-13 17:60:17,friend_referral,web,windows,1,59,0
571788,2015-03-13 11:60:26,ads_facebook,web,mac,1,59,0
508052,2015-04-26 16:60:24,ads-google,mobile,iOS,0,39,0
316814,2015-04-10 11:60:29,ads_other,web,windows,1,59,0
743805,2015-04-28 13:60:22,ads_facebook,web,windows,0,39,0
59585,2015-05-06 07:60:23,ads-google,mobile,iOS,0,39,0
124669,2015-05-29 10:60:40,seo-other,mobile,iOS,0,39,0
885391,2015-05-08 07:60:23,ads-bing,mobile,iOS,0,39,0
679145,2015-03-13 11:60:59,seo-google,mobile,iOS,0,39,0
836863,2015-03-29 07:60:31,seo-google,mobile,android,0,39,0
658223,2015-04-07 13:60:03,seo_facebook,web,windows,1,59,0
449666,2015-04-28 13:60:55,ads_other,web,windows,0,39,0
325980,2015-03-11 10:60:37,ads-google,web,windows,0,39,0
177411,2015-04-23 13:60:35,ads-google,mobile,iOS,1,59,0
993203,2015-03-23 12:60:38,direct_traffic,web,mac,0,39,0
817803,2015-04-26 17:60:53,direct_traffic,mobile,android,1,59,0
563114,2015-03-11 14:60:22,seo-bing,web,mac,0,39,0
973125,2015-04-19 06:60:26,ads-google,web,mac,0,39,0
855243,2015-05-16 11:60:25,seo_facebook,mobile,android,0,39,0
584077,2015-04-27 14:60:49,seo-google,web,windows,0,39,0
727750,2015-04-06 18:60:12,seo-bing,web,mac,0,39,0
164179,2015-04-25 17:60:10,ads-google,mobile,android,0,39,0
919345,2015-05-31 12:60:24,seo_facebook,mobile,iOS,1,59,0
506863,2015-05-15 10:60:31,ads-bing,mobile,android,1,59,0
89345,2015-03-29 01:60:12,seo_facebook,web,windows,0,39,0
465639,2015-04-17 10:60:09,ads-google,web,windows,0,39,0
232357,2015-05-10 14:60:58,direct_traffic,web,mac,0,39,0
106989,2015-03-27 23:60:45,seo-yahoo,mobile,android,0,39,0
685980,2015-04-11 12:60:32,friend_referral,web,mac,1,59,0
577589,2015-04-19 13:60:02,friend_referral,mobile,android,1,59,0
528847,2015-05-30 14:60:36,direct_traffic,web,windows,0,39,0
299179,2015-03-02 12:60:08,direct_traffic,web,mac,0,39,0
815782,2015-04-20 13:60:32,direct_traffic,mobile,other,0,39,0
362735,2015-04-19 11:60:34,direct_traffic,web,mac,1,59,0
511753,2015-04-09 11:60:34,ads_facebook,mobile,other,0,39,0
520037,2015-04-21 12:60:47,ads_facebook,mobile,other,1,59,0
917023,2015-05-07 23:60:10,direct_traffic,web,windows,0,39,0
361056,2015-05-16 12:60:59,ads-yahoo,web,linux,1,59,0
56547,2015-05-10 01:60:31,seo_facebook,web,windows,0,39,0
759959,2015-04-04 08:60:57,ads_facebook,web,windows,0,39,0
607091,2015-03-24 13:60:51,seo-yahoo,mobile,iOS,1,59,0
616606,2015-05-28 11:60:42,direct_traffic,web,windows,0,39,0
108023,2015-05-01 21:60:37,ads_other,mobile,iOS,0,39,0
826867,2015-03-09 10:60:35,seo-yahoo,web,windows,0,39,0
519689,2015-05-17 12:60:47,ads-google,mobile,android,1,59,0
362721,2015-04-18 20:60:45,friend_referral,mobile,iOS,0,39,0
335354,2015-04-18 09:60:22,ads-yahoo,web,mac,0,39,0
666238,2015-03-28 10:60:43,seo-other,web,windows,0,39,0
175782,2015-05-22 17:60:03,direct_traffic,mobile,iOS,0,39,0
15147,2015-04-12 13:60:26,ads_facebook,mobile,android,0,39,0
940803,2015-03-19 09:60:43,seo-google,mobile,iOS,0,39,0
564761,2015-05-23 11:60:15,ads_facebook,mobile,iOS,0,39,0
815776,2015-03-08 17:60:56,direct_traffic,web,windows,1,59,0
927705,2015-05-15 16:60:31,ads-bing,web,mac,1,59,0
305722,2015-04-03 09:60:20,ads-google,mobile,iOS,1,59,0
999846,2015-03-28 08:60:27,seo-google,mobile,iOS,0,39,0
918992,2015-05-10 14:60:51,ads_facebook,mobile,android,0,39,0
16365,2015-05-17 15:60:16,seo_facebook,mobile,android,0,39,0
916131,2015-04-25 12:60:46,seo-yahoo,mobile,iOS,1,59,0
70574,2015-03-29 16:60:18,seo_facebook,mobile,iOS,1,59,0
65267,2015-04-23 12:60:13,direct_traffic,web,windows,1,59,0
276644,2015-05-16 17:60:60,ads_facebook,web,windows,0,39,0
692966,2015-04-18 01:60:42,ads-bing,mobile,iOS,0,39,0
169026,2015-03-03 15:60:39,seo_facebook,web,windows,0,39,0
278127,2015-04-23 16:60:26,friend_referral,mobile,iOS,0,39,0
655542,2015-04-17 10:60:55,ads_facebook,mobile,iOS,0,39,0
996532,2015-05-17 21:60:47,direct_traffic,web,windows,0,39,0
760950,2015-04-30 09:60:53,seo-yahoo,mobile,other,0,39,0
739847,2015-04-24 01:60:11,ads_facebook,mobile,android,0,39,0
552233,2015-04-23 12:60:13,direct_traffic,web,windows,1,59,0
396134,2015-03-14 10:60:03,ads-yahoo,mobile,android,1,59,1
51180,2015-04-28 10:60:32,friend_referral,web,mac,0,39,0
964630,2015-04-03 15:60:41,seo_facebook,mobile,android,0,39,0
497305,2015-04-24 11:60:02,direct_traffic,mobile,iOS,0,39,0
124535,2015-04-29 07:60:18,seo-other,mobile,iOS,1,59,0
163489,2015-04-10 14:60:09,seo-other,web,windows,0,39,0
406521,2015-05-10 18:60:25,seo_facebook,web,windows,1,59,0
276436,2015-04-04 11:60:06,direct_traffic,web,windows,1,59,0
699327,2015-04-04 08:60:55,friend_referral,mobile,iOS,1,59,0
431441,2015-03-16 11:60:36,ads-google,mobile,iOS,1,59,0
681750,2015-04-03 05:60:51,ads-yahoo,mobile,iOS,0,39,0
897927,2015-04-08 16:60:01,ads_facebook,web,windows,0,39,0
681314,2015-03-14 18:60:34,direct_traffic,mobile,iOS,0,39,0
31691,2015-04-18 04:60:12,ads_facebook,mobile,android,1,59,0
706449,2015-03-07 10:60:48,direct_traffic,web,mac,1,59,0
969067,2015-05-15 09:60:60,ads_facebook,mobile,android,0,39,0
849487,2015-05-28 11:60:05,direct_traffic,mobile,iOS,1,59,0
630297,2015-04-17 11:60:51,friend_referral,mobile,iOS,1,59,0
144167,2015-03-09 16:60:23,ads-google,web,windows,0,39,0
853171,2015-03-21 12:60:37,ads_other,web,windows,1,59,0
939665,2015-03-07 15:60:14,seo-yahoo,mobile,iOS,0,39,0
524657,2015-04-10 18:60:18,seo_facebook,web,windows,0,39,0
311205,2015-05-05 10:60:11,seo-google,mobile,android,1,59,0
618018,2015-04-23 13:60:24,ads_other,mobile,iOS,0,39,0
982141,2015-04-12 04:60:37,ads_other,mobile,android,0,39,0
665426,2015-05-01 09:60:40,ads_other,web,windows,1,59,0
220962,2015-04-06 05:60:19,ads_facebook,web,mac,1,59,0
451819,2015-03-27 08:60:12,ads-bing,web,windows,0,39,0
146441,2015-03-21 10:60:53,friend_referral,mobile,iOS,1,59,0
711809,2015-05-31 06:60:36,seo-google,web,windows,1,59,0
868555,2015-03-05 06:60:33,ads_other,mobile,android,0,39,0
789928,2015-03-20 10:60:13,ads_other,mobile,android,0,39,0
440458,2015-05-01 14:60:46,seo_facebook,mobile,iOS,0,39,0
972060,2015-03-27 12:60:59,ads-google,mobile,iOS,1,59,0
227009,2015-04-01 02:60:57,direct_traffic,web,linux,0,39,0
391673,2015-03-13 14:60:05,ads-google,web,mac,0,39,0
66182,2015-04-04 08:60:55,friend_referral,mobile,iOS,1,59,0
837822,2015-05-02 08:60:53,ads-google,mobile,iOS,1,59,0
97568,2015-05-12 13:60:22,ads_facebook,web,windows,0,39,0
784096,2015-03-03 11:60:03,ads_other,web,windows,0,39,0
21823,2015-03-26 07:60:02,seo-google,mobile,iOS,0,39,0
758091,2015-04-21 11:60:07,ads-google,mobile,iOS,0,39,0
228515,2015-04-04 12:60:59,direct_traffic,web,mac,1,59,0
624376,2015-05-23 04:60:05,ads_facebook,web,windows,0,39,1
775454,2015-05-08 10:60:20,ads-google,mobile,other,1,59,0
815356,2015-03-12 13:60:31,ads-bing,web,windows,1,59,0
296465,2015-03-15 12:60:31,seo_facebook,mobile,iOS,1,59,0
693309,2015-05-29 18:60:52,ads-yahoo,web,windows,1,59,0
547435,2015-03-21 12:60:38,seo-google,web,windows,0,39,0
918958,2015-05-29 09:60:21,direct_traffic,mobile,iOS,0,39,0
621384,2015-05-10 11:60:48,seo-google,mobile,android,1,59,0
768814,2015-04-27 05:60:27,direct_traffic,mobile,iOS,0,39,0
468511,2015-05-01 14:60:05,ads-google,mobile,iOS,0,39,0
486038,2015-03-27 10:60:12,ads-google,mobile,android,0,39,0
568510,2015-05-07 18:60:44,ads-bing,web,mac,1,59,0
182629,2015-05-03 14:60:20,ads_other,web,windows,0,39,0
524484,2015-03-08 11:60:38,direct_traffic,mobile,iOS,1,59,0
327391,2015-04-18 07:60:56,seo_facebook,mobile,android,0,39,0
814997,2015-05-08 17:60:51,ads-google,web,windows,1,59,0
160820,2015-04-22 07:60:12,ads-bing,mobile,iOS,0,39,0
339756,2015-03-27 17:60:08,ads_other,web,windows,1,59,0
117809,2015-04-10 11:60:51,ads-bing,mobile,other,0,39,0
643905,2015-05-30 09:60:35,ads-google,mobile,iOS,0,39,0
623860,2015-05-16 18:60:41,ads_facebook,mobile,iOS,0,39,0
132824,2015-05-21 06:60:19,ads-bing,mobile,android,0,39,0
714228,2015-04-26 16:60:40,ads-bing,web,windows,1,59,0
583076,2015-04-04 11:60:08,ads_other,mobile,android,0,39,0
239720,2015-05-31 17:60:52,ads_other,mobile,android,0,39,0
806565,2015-04-04 17:60:60,ads_other,web,linux,0,39,0
971228,2015-04-24 17:60:53,ads_other,web,mac,1,59,0
287843,2015-05-09 12:60:14,ads_other,mobile,android,1,59,0
137843,2015-05-15 21:60:12,ads-bing,mobile,iOS,0,39,0
973168,2015-05-07 09:60:49,ads_facebook,web,linux,0,39,0
733136,2015-04-10 08:60:58,seo-bing,mobile,android,1,59,0
552043,2015-03-14 11:60:17,friend_referral,web,windows,0,39,0
421310,2015-05-29 15:60:45,ads-google,mobile,android,0,39,0
414807,2015-05-17 21:60:08,ads_facebook,mobile,android,0,39,0
189434,2015-05-22 17:60:42,ads-google,mobile,android,1,59,0
533375,2015-03-18 13:60:50,seo-other,mobile,iOS,1,59,0
706360,2015-05-15 11:60:16,ads_facebook,mobile,iOS,0,39,0
102785,2015-04-26 12:60:01,ads-bing,mobile,android,0,39,0
444430,2015-05-03 14:60:20,ads_other,web,windows,0,39,0
882236,2015-04-19 13:60:02,friend_referral,mobile,android,1,59,0
768418,2015-03-05 17:60:01,direct_traffic,web,windows,0,39,0
449669,2015-04-14 09:60:17,seo-google,web,windows,0,39,0
740548,2015-04-17 13:60:06,seo-other,web,windows,0,39,0
167012,2015-04-24 17:60:45,seo-other,web,windows,1,59,0
157527,2015-05-02 14:60:31,ads-yahoo,web,windows,0,39,0
539248,2015-05-13 10:60:53,direct_traffic,mobile,iOS,1,59,0
669528,2015-05-02 12:60:56,seo_facebook,mobile,android,0,39,0
175550,2015-04-11 06:60:51,direct_traffic,mobile,iOS,0,39,0
98257,2015-05-11 14:60:26,ads-google,web,mac,1,59,0
472536,2015-04-26 17:60:28,ads-bing,mobile,iOS,0,39,0
846904,2015-05-29 12:60:34,seo_facebook,mobile,iOS,1,59,0
680849,2015-03-19 12:60:10,friend_referral,mobile,iOS,0,39,0
823013,2015-04-19 11:60:38,seo-yahoo,web,windows,0,39,0
499077,2015-04-30 14:60:11,ads-google,web,windows,1,59,0
526281,2015-03-21 18:60:37,ads-google,mobile,android,0,39,0
282197,2015-05-07 06:60:51,direct_traffic,mobile,android,0,39,0
294108,2015-05-14 08:60:49,ads-bing,web,windows,0,39,0
189625,2015-04-04 10:60:30,ads_facebook,web,windows,1,59,0
289969,2015-05-31 11:60:05,ads_facebook,mobile,other,0,39,0
730715,2015-05-08 12:60:24,seo-google,web,windows,0,39,0
800187,2015-05-27 15:60:31,ads_other,web,windows,0,39,0
715798,2015-05-03 09:60:03,direct_traffic,mobile,other,0,39,0
343328,2015-03-21 10:60:43,direct_traffic,mobile,iOS,0,39,0
334883,2015-05-24 18:60:56,ads_other,mobile,iOS,0,39,0
753356,2015-05-09 07:60:33,ads_facebook,web,windows,1,59,0
771972,2015-04-20 09:60:54,ads_facebook,mobile,iOS,1,59,0
859617,2015-03-13 12:60:33,ads-bing,mobile,android,0,39,0
860200,2015-03-27 08:60:11,direct_traffic,web,mac,1,59,0
739264,2015-05-08 18:60:31,seo_facebook,mobile,android,0,39,0
154176,2015-04-05 14:60:37,direct_traffic,mobile,other,1,59,0
540425,2015-04-12 17:60:09,ads-bing,web,windows,0,39,0
209868,2015-03-26 15:60:45,ads-bing,web,windows,0,39,0
152615,2015-04-27 03:60:24,ads_facebook,mobile,iOS,0,39,0
60041,2015-03-31 06:60:50,direct_traffic,mobile,iOS,0,39,0
746977,2015-04-16 14:60:29,direct_traffic,web,windows,0,39,0
766165,2015-05-30 13:60:13,direct_traffic,mobile,iOS,1,59,0
694217,2015-04-17 16:60:48,ads_facebook,web,windows,0,39,0
468474,2015-05-13 01:60:06,ads_facebook,web,windows,0,39,0
304451,2015-03-09 08:60:05,ads-bing,mobile,android,0,39,0
56801,2015-05-23 13:60:27,ads-google,web,windows,1,59,0
77812,2015-05-29 20:60:04,ads-google,mobile,iOS,0,39,0
928171,2015-05-16 14:60:33,seo-google,web,mac,0,39,0
975210,2015-05-10 14:60:37,ads-bing,web,windows,0,39,0
726123,2015-03-28 20:60:35,ads-google,web,mac,0,39,0
234723,2015-05-15 12:60:02,ads_facebook,web,windows,1,59,0
475747,2015-05-20 09:60:20,seo_facebook,web,windows,0,39,0
353415,2015-04-17 14:60:34,ads-google,mobile,iOS,1,59,0
847748,2015-03-06 00:60:29,friend_referral,web,windows,1,59,0
944263,2015-05-15 13:60:54,seo-google,mobile,other,0,39,0
671778,2015-04-19 19:60:20,ads_other,web,windows,1,59,0
704451,2015-03-20 08:60:55,seo-google,mobile,android,0,39,0
373624,2015-04-17 10:60:09,ads-google,web,windows,0,39,0
335732,2015-05-29 02:60:33,ads_facebook,mobile,android,0,39,0
530554,2015-05-30 09:60:49,seo-google,mobile,iOS,1,59,0
69237,2015-05-07 17:60:30,seo-yahoo,mobile,iOS,1,59,0
167808,2015-05-10 05:60:49,ads_other,web,windows,0,39,0
133163,2015-03-13 11:60:15,ads-google,web,windows,1,59,0
215541,2015-05-23 10:60:22,direct_traffic,web,windows,0,39,0
332816,2015-05-29 16:60:60,direct_traffic,mobile,iOS,0,39,0
886489,2015-04-21 02:60:17,seo_facebook,mobile,iOS,1,59,0
546106,2015-05-09 07:60:15,direct_traffic,mobile,android,0,39,0
152169,2015-04-17 14:60:15,direct_traffic,mobile,other,0,39,0
715159,2015-05-22 12:60:14,ads_facebook,mobile,other,0,39,0
562295,2015-04-04 09:60:25,seo_facebook,mobile,other,1,59,0
882570,2015-05-17 00:60:53,direct_traffic,web,windows,1,59,0
14883,2015-04-23 10:60:18,ads-google,mobile,android,1,59,0
416839,2015-05-29 04:60:45,ads_facebook,mobile,android,1,59,0
742305,2015-05-10 11:60:57,direct_traffic,mobile,iOS,0,39,0
170183,2015-04-05 12:60:17,ads-bing,web,windows,0,39,0
334400,2015-05-08 09:60:56,direct_traffic,web,linux,0,39,0
268170,2015-04-10 20:60:59,direct_traffic,web,mac,0,39,0
160434,2015-05-09 17:60:53,ads-google,web,mac,0,39,0
546107,2015-03-21 08:60:50,ads_facebook,mobile,android,1,59,0
979783,2015-04-02 18:60:35,ads-google,web,windows,0,39,0
274796,2015-03-21 13:60:54,direct_traffic,web,mac,0,39,0
788485,2015-04-04 19:60:13,ads-google,mobile,other,1,59,0
624916,2015-05-22 20:60:24,seo-other,web,windows,0,39,0
604234,2015-05-15 16:60:47,ads_facebook,web,windows,0,39,1
814684,2015-04-12 10:60:44,direct_traffic,web,windows,0,39,0
584383,2015-04-17 12:60:45,ads-google,web,windows,0,39,0
357564,2015-04-04 13:60:46,seo-google,mobile,other,0,39,0
165849,2015-04-26 13:60:33,ads-google,mobile,iOS,0,39,0
488913,2015-05-17 09:60:32,direct_traffic,mobile,iOS,0,39,0
731156,2015-04-08 10:60:13,direct_traffic,web,windows,0,39,0
269658,2015-04-03 07:60:21,ads-yahoo,mobile,iOS,0,39,0
420720,2015-05-01 10:60:07,ads_other,web,windows,1,59,0
696326,2015-05-23 19:60:55,ads_facebook,mobile,android,1,59,0
804966,2015-05-23 05:60:25,seo-google,mobile,iOS,0,39,0
887631,2015-05-17 10:60:33,seo-google,web,mac,0,39,0
31539,2015-03-21 12:60:45,direct_traffic,mobile,iOS,0,39,0
39531,2015-03-02 12:60:12,direct_traffic,mobile,android,0,39,0
68588,2015-04-19 12:60:37,direct_traffic,web,linux,1,59,0
342102,2015-03-28 15:60:42,ads_facebook,web,windows,0,39,0
495015,2015-05-29 05:60:30,ads_facebook,web,windows,1,59,0
226785,2015-04-25 17:60:10,ads-google,mobile,android,0,39,0
482739,2015-03-28 12:60:44,direct_traffic,web,mac,0,39,0
186157,2015-05-23 01:60:05,direct_traffic,mobile,android,0,39,0
306967,2015-03-27 08:60:11,direct_traffic,web,mac,1,59,0
307194,2015-05-01 21:60:18,ads_other,mobile,iOS,1,59,0
88911,2015-05-20 04:60:46,ads-google,mobile,android,1,59,0
46285,2015-03-14 15:60:36,ads_facebook,web,mac,0,39,0
630861,2015-05-02 04:60:40,friend_referral,mobile,android,1,59,0
129216,2015-03-07 01:60:16,friend_referral,web,windows,1,59,0
455818,2015-05-14 09:60:36,direct_traffic,mobile,android,0,39,0
354501,2015-05-15 14:60:54,direct_traffic,mobile,iOS,0,39,0
539148,2015-03-20 13:60:38,ads_facebook,web,windows,0,39,0
168023,2015-04-07 13:60:03,seo_facebook,web,windows,1,59,0
415218,2015-04-19 05:60:38,ads-google,mobile,iOS,0,39,0
598127,2015-05-13 09:60:31,ads_facebook,mobile,iOS,1,59,0
252700,2015-05-31 10:60:56,direct_traffic,mobile,android,1,59,0
403653,2015-05-09 14:60:54,friend_referral,mobile,android,0,39,0
875457,2015-04-25 10:60:44,seo-google,web,windows,1,59,0
920090,2015-05-21 10:60:45,ads-google,mobile,iOS,0,39,0
844471,2015-03-09 12:60:27,ads_facebook,web,windows,0,39,0
185350,2015-05-06 08:60:58,ads-bing,mobile,iOS,1,59,0
713733,2015-03-22 09:60:35,ads_facebook,mobile,iOS,1,59,0
62646,2015-05-23 14:60:30,direct_traffic,web,windows,1,59,0
773500,2015-03-28 18:60:26,ads_facebook,web,mac,0,39,0
695085,2015-03-06 10:60:07,ads_other,mobile,android,0,39,0
639094,2015-05-29 12:60:10,ads_facebook,mobile,iOS,0,39,0
421738,2015-04-29 00:60:41,ads_facebook,mobile,iOS,0,39,0
29129,2015-03-14 10:60:15,ads_other,mobile,iOS,0,39,0
186702,2015-03-05 04:60:29,seo-other,web,windows,0,39,0
470252,2015-04-03 12:60:13,ads-bing,mobile,android,0,39,0
269250,2015-04-12 10:60:37,ads-google,mobile,other,0,39,0
133728,2015-03-14 07:60:02,ads_facebook,web,windows,1,59,0
364506,2015-03-15 16:60:24,ads-google,mobile,iOS,0,39,0
683139,2015-04-03 12:60:14,direct_traffic,mobile,android,1,59,0
616185,2015-04-20 01:60:27,ads-google,mobile,android,0,39,0
268454,2015-05-23 17:60:03,direct_traffic,web,windows,0,39,0
539761,2015-04-02 10:60:05,friend_referral,mobile,other,1,59,0
380549,2015-05-29 23:60:29,seo_facebook,web,mac,1,59,0
589911,2015-05-29 12:60:37,direct_traffic,web,windows,0,39,0
914623,2015-03-13 08:60:22,direct_traffic,mobile,other,0,39,0
26184,2015-05-04 17:60:27,ads-google,mobile,other,0,39,0
426230,2015-04-04 16:60:45,seo-google,web,windows,0,39,0
989591,2015-03-20 22:60:41,ads_facebook,mobile,iOS,1,59,0
104526,2015-04-17 12:60:43,direct_traffic,web,windows,0,39,0
802269,2015-04-04 17:60:39,ads_facebook,mobile,iOS,1,59,0
662849,2015-03-12 15:60:47,seo-other,web,windows,0,39,0
895956,2015-04-22 12:60:57,seo-google,web,windows,1,59,0
555377,2015-04-19 11:60:38,seo-yahoo,web,windows,0,39,0
847502,2015-03-12 13:60:15,ads-google,mobile,iOS,0,39,0
986294,2015-05-29 15:60:45,ads-google,mobile,android,0,39,0
624850,2015-03-10 10:60:01,ads-google,mobile,iOS,1,59,0
548047,2015-04-18 03:60:56,ads_facebook,web,windows,1,59,0
799701,2015-03-06 12:60:40,seo-other,mobile,android,0,39,0
673330,2015-04-18 15:60:18,ads_facebook,mobile,iOS,0,39,0
98663,2015-05-22 10:60:27,ads_facebook,mobile,iOS,0,39,0
603585,2015-03-13 11:60:59,seo-google,mobile,iOS,0,39,0
849387,2015-03-07 03:60:41,seo-google,web,windows,0,39,0
328904,2015-05-21 18:60:52,ads-google,mobile,iOS,0,39,0
38827,2015-04-07 16:60:42,ads-google,mobile,iOS,0,39,0
453097,2015-03-02 19:60:42,ads-google,mobile,iOS,1,59,0
896843,2015-03-26 15:60:09,ads_facebook,mobile,iOS,1,59,0
927770,2015-05-24 10:60:40,seo-google,web,windows,1,59,0
875383,2015-03-28 01:60:32,ads_other,mobile,android,1,59,0
605388,2015-03-21 16:60:01,seo_facebook,web,windows,0,39,0
553405,2015-04-26 16:60:07,direct_traffic,web,windows,0,39,0
306012,2015-04-12 11:60:60,seo_facebook,mobile,iOS,1,59,0
294623,2015-04-28 08:60:32,seo_facebook,mobile,android,0,39,0
496864,2015-03-23 04:60:26,seo_facebook,mobile,iOS,1,59,0
949352,2015-03-29 11:60:39,ads_other,web,windows,1,59,0
806473,2015-05-29 15:60:53,direct_traffic,web,windows,0,39,0
29399,2015-05-26 09:60:05,direct_traffic,mobile,iOS,0,39,0
734235,2015-04-04 09:60:59,seo_facebook,web,windows,0,39,0
327455,2015-04-19 06:60:33,ads-google,mobile,iOS,0,39,0
445806,2015-05-04 17:60:27,ads-google,mobile,other,0,39,0
276179,2015-05-29 10:60:22,direct_traffic,mobile,android,1,59,0
464274,2015-05-09 08:60:25,ads-bing,mobile,other,1,59,0
316064,2015-03-19 09:60:59,ads_other,mobile,android,0,39,0
60345,2015-03-13 18:60:25,seo-yahoo,mobile,android,1,59,0
757600,2015-03-08 09:60:06,ads_facebook,mobile,iOS,0,39,0
863851,2015-04-04 01:60:44,direct_traffic,web,windows,0,39,0
373626,2015-05-23 12:60:47,direct_traffic,mobile,iOS,1,59,0
218724,2015-05-29 03:60:13,ads_other,web,windows,0,39,0
984921,2015-04-08 18:60:17,ads_other,mobile,iOS,1,59,0
802006,2015-04-17 12:60:07,ads_facebook,mobile,iOS,1,59,0
961528,2015-04-20 20:60:56,ads_other,web,windows,0,39,0
967369,2015-05-12 02:60:18,ads-google,mobile,android,1,59,0
929549,2015-03-05 12:60:04,ads-google,web,windows,1,59,0
675517,2015-05-01 10:60:02,direct_traffic,web,windows,0,39,0
820274,2015-05-30 09:60:35,ads-google,mobile,iOS,0,39,0
102100,2015-04-03 12:60:13,ads-bing,mobile,android,0,39,0
293461,2015-03-20 02:60:33,direct_traffic,web,mac,0,39,0
539279,2015-05-10 05:60:49,ads_other,web,windows,0,39,0
688578,2015-03-21 03:60:24,ads-google,web,mac,0,39,0
785837,2015-03-17 07:60:46,ads-bing,web,mac,0,39,0
154233,2015-05-01 22:60:56,direct_traffic,mobile,iOS,1,59,0
44701,2015-03-23 04:60:26,seo_facebook,mobile,iOS,1,59,0
309263,2015-04-03 14:60:01,friend_referral,web,mac,0,39,0
749647,2015-03-28 11:60:54,direct_traffic,mobile,android,1,59,0
8292,2015-05-09 09:60:53,direct_traffic,mobile,iOS,1,59,0
116908,2015-03-07 16:60:37,direct_traffic,mobile,iOS,0,39,0
20610,2015-03-08 11:60:19,direct_traffic,mobile,android,0,39,0
453152,2015-04-04 07:60:33,ads-google,web,windows,1,59,1
944625,2015-03-28 12:60:39,ads_other,mobile,iOS,1,59,0
945900,2015-04-04 08:60:57,ads_facebook,web,windows,0,39,0
91891,2015-05-09 18:60:05,ads_facebook,web,windows,0,39,0
109945,2015-03-14 07:60:41,ads-yahoo,mobile,iOS,0,39,0
719071,2015-05-28 13:60:53,ads-google,mobile,iOS,0,39,0
170204,2015-03-22 09:60:40,direct_traffic,mobile,iOS,0,39,0
65648,2015-04-11 14:60:40,ads-google,mobile,android,1,59,0
198687,2015-04-06 12:60:23,seo-google,mobile,iOS,0,39,0
244075,2015-05-01 10:60:07,ads_other,web,windows,1,59,0
261407,2015-03-06 12:60:40,seo-other,mobile,android,0,39,0
655623,2015-03-27 12:60:15,ads_other,mobile,iOS,0,39,0
518519,2015-04-27 13:60:27,ads_facebook,mobile,other,1,59,0
693475,2015-05-30 12:60:14,ads-google,mobile,android,0,39,0
411439,2015-04-17 13:60:41,direct_traffic,web,windows,0,39,0
695563,2015-05-10 18:60:25,seo_facebook,web,windows,1,59,0
689437,2015-04-03 11:60:30,ads_facebook,web,windows,0,39,0
9682,2015-04-28 13:60:40,ads_other,mobile,iOS,0,39,0
988669,2015-04-27 12:60:48,ads_facebook,mobile,other,1,59,0
45719,2015-05-30 17:60:03,ads-yahoo,mobile,iOS,1,59,0
173033,2015-05-15 07:60:57,ads-google,mobile,iOS,0,39,0
65466,2015-03-24 07:60:33,direct_traffic,mobile,other,0,39,0
478006,2015-05-09 04:60:48,ads-google,web,mac,1,59,0
453840,2015-03-27 11:60:28,direct_traffic,mobile,iOS,0,39,0
291681,2015-03-13 13:60:46,ads_facebook,mobile,android,1,59,0
740,2015-04-05 19:60:28,direct_traffic,mobile,android,0,39,0
741334,2015-05-08 10:60:03,ads-google,web,mac,1,59,0
102782,2015-03-19 13:60:31,ads-bing,mobile,other,1,59,0
682390,2015-05-10 16:60:20,direct_traffic,mobile,android,0,39,0
842448,2015-05-09 04:60:40,direct_traffic,mobile,android,0,39,0
363685,2015-05-03 08:60:12,ads-google,web,mac,0,39,0
983504,2015-05-17 16:60:47,seo_facebook,mobile,iOS,1,59,0
422641,2015-05-18 20:60:42,seo_facebook,mobile,android,0,39,0
343809,2015-03-13 11:60:15,ads-google,web,windows,1,59,0
824031,2015-05-08 14:60:60,ads-google,mobile,iOS,1,59,0
294407,2015-03-07 12:60:32,seo-google,mobile,iOS,1,59,0
771203,2015-03-07 08:60:10,ads_facebook,web,windows,1,59,1
819253,2015-04-25 14:60:19,ads-google,mobile,iOS,0,39,0
537430,2015-04-04 12:60:01,ads-bing,web,windows,0,39,0
418277,2015-04-02 09:60:35,ads-bing,web,windows,0,39,0
27019,2015-05-02 22:60:03,direct_traffic,web,mac,1,59,0
957127,2015-03-24 01:60:33,seo-google,web,windows,0,39,0
132658,2015-03-28 08:60:03,ads-bing,mobile,android,1,59,0
831288,2015-03-09 15:60:03,ads_other,mobile,android,1,59,0
277528,2015-04-13 16:60:17,seo-other,mobile,iOS,1,59,0
26245,2015-04-12 00:60:03,ads-bing,mobile,iOS,1,59,0
540528,2015-05-15 16:60:09,ads-google,mobile,android,0,39,0
385281,2015-03-08 14:60:20,ads-bing,mobile,other,1,59,0
517693,2015-04-21 17:60:31,friend_referral,mobile,other,0,39,0
209889,2015-04-23 19:60:30,ads_facebook,mobile,iOS,0,39,0
673753,2015-05-02 14:60:44,ads-google,mobile,iOS,0,39,0
315598,2015-04-03 17:60:30,direct_traffic,web,windows,0,39,0
677293,2015-05-12 17:60:49,friend_referral,mobile,android,0,39,0
983321,2015-05-23 15:60:11,direct_traffic,mobile,android,1,59,0
989507,2015-05-13 13:60:44,ads-bing,mobile,android,0,39,0
347367,2015-04-17 15:60:11,ads-yahoo,web,windows,1,59,0
502778,2015-04-16 20:60:21,ads-google,mobile,iOS,1,59,0
246010,2015-03-15 12:60:28,seo-google,web,mac,0,39,0
826994,2015-03-14 17:60:57,direct_traffic,mobile,android,1,59,0
177619,2015-04-04 09:60:50,ads-google,mobile,android,0,39,0
625420,2015-05-09 01:60:13,seo-other,mobile,iOS,1,59,0
677116,2015-03-09 10:60:54,ads-google,mobile,android,0,39,0
851141,2015-04-16 22:60:22,ads_facebook,web,windows,1,59,0
437391,2015-04-02 08:60:10,ads-google,mobile,iOS,1,59,0
699504,2015-04-10 10:60:20,ads-google,mobile,iOS,0,39,0
752001,2015-03-10 11:60:32,ads-bing,mobile,iOS,1,59,0
381864,2015-05-27 08:60:13,ads_facebook,mobile,iOS,0,39,1
624180,2015-03-12 15:60:04,ads_facebook,web,mac,1,59,0
496099,2015-03-13 12:60:39,ads_other,web,mac,0,39,0
452996,2015-04-02 08:60:10,ads-google,mobile,iOS,1,59,0
362482,2015-05-29 02:60:54,ads_other,web,windows,0,39,1
577650,2015-03-21 13:60:38,seo-other,mobile,iOS,1,59,0
33135,2015-03-10 22:60:29,friend_referral,web,windows,0,39,0
920285,2015-05-31 17:60:02,ads-google,web,windows,0,39,0
196715,2015-05-08 18:60:10,ads_facebook,mobile,android,0,39,0
18103,2015-05-14 08:60:49,ads-bing,web,windows,0,39,0
590391,2015-03-28 11:60:56,ads_facebook,web,linux,0,39,0
420671,2015-05-23 15:60:30,ads_facebook,web,windows,0,39,0
819957,2015-05-15 18:60:27,seo-google,web,windows,0,39,0
410629,2015-03-22 14:60:35,direct_traffic,web,windows,1,59,0
782664,2015-04-20 16:60:55,direct_traffic,mobile,other,0,39,0
309254,2015-03-20 23:60:55,direct_traffic,mobile,android,1,59,0
425252,2015-04-05 11:60:59,seo-google,mobile,iOS,0,39,0
571415,2015-04-08 16:60:01,ads_facebook,web,windows,0,39,0
880256,2015-04-02 00:60:04,friend_referral,mobile,iOS,1,59,0
780220,2015-05-30 11:60:49,ads_facebook,mobile,android,1,59,0
204512,2015-05-08 07:60:15,direct_traffic,web,windows,0,39,0
453411,2015-04-03 10:60:11,friend_referral,web,windows,0,39,0
320239,2015-03-06 19:60:17,seo_facebook,mobile,android,0,39,0
6479,2015-04-02 08:60:10,ads-google,mobile,iOS,1,59,0
915728,2015-05-17 04:60:37,direct_traffic,web,windows,0,39,0
786209,2015-03-28 08:60:27,seo-google,mobile,iOS,0,39,0
731183,2015-05-15 09:60:18,ads-google,web,windows,1,59,0
596594,2015-05-29 15:60:13,ads_facebook,mobile,other,1,59,0
920154,2015-05-22 10:60:32,friend_referral,mobile,android,0,39,0
315856,2015-05-19 11:60:10,ads_other,mobile,android,1,59,0
24558,2015-05-12 17:60:49,friend_referral,mobile,android,0,39,0
334716,2015-04-24 15:60:44,friend_referral,web,windows,1,59,0
13485,2015-04-22 11:60:44,ads_facebook,mobile,android,1,59,0
775851,2015-04-04 18:60:41,ads-yahoo,web,windows,1,59,0
623313,2015-05-09 23:60:39,direct_traffic,mobile,android,1,59,0
595793,2015-03-20 15:60:52,ads-bing,web,windows,0,39,0
840335,2015-05-01 22:60:30,ads-google,mobile,android,0,39,0
798555,2015-03-28 11:60:47,ads_facebook,mobile,android,1,59,0
689501,2015-03-07 12:60:06,ads-google,mobile,iOS,0,39,0
474494,2015-05-15 06:60:24,ads-bing,mobile,android,1,59,0
212551,2015-04-18 13:60:21,ads_other,mobile,android,1,59,0
325096,2015-04-19 16:60:26,direct_traffic,mobile,iOS,0,39,1
60131,2015-04-18 03:60:20,ads_facebook,mobile,android,0,39,0
347755,2015-04-04 13:60:46,seo-google,mobile,other,0,39,0
537928,2015-05-30 10:60:16,seo-google,mobile,iOS,1,59,1
619374,2015-04-18 17:60:08,ads-google,web,mac,0,39,0
510869,2015-04-25 12:60:30,ads-google,web,windows,1,59,0
850020,2015-05-29 10:60:15,seo-google,mobile,other,0,39,0
715886,2015-04-24 11:60:12,ads_other,mobile,iOS,0,39,0
645419,2015-05-31 18:60:16,direct_traffic,mobile,iOS,0,39,0
600048,2015-04-15 14:60:19,direct_traffic,web,windows,1,59,0
510254,2015-04-10 07:60:03,ads-bing,mobile,iOS,1,59,0
473873,2015-04-04 12:60:01,ads-bing,web,windows,0,39,0
38654,2015-05-08 16:60:41,ads-yahoo,mobile,iOS,1,59,0
716921,2015-05-02 00:60:52,direct_traffic,mobile,iOS,0,39,0
490064,2015-04-12 10:60:41,ads_facebook,web,mac,0,39,0
198255,2015-05-08 10:60:38,seo-google,web,windows,1,59,0
4825,2015-03-21 20:60:30,direct_traffic,web,linux,0,39,0
882944,2015-03-14 12:60:35,seo-other,web,windows,1,59,0
56577,2015-03-13 18:60:36,ads_other,web,windows,1,59,0
693668,2015-03-04 18:60:15,seo-yahoo,mobile,iOS,0,39,0
829164,2015-03-08 14:60:41,friend_referral,mobile,iOS,0,39,0
724843,2015-04-16 14:60:29,direct_traffic,web,windows,0,39,0
124103,2015-05-03 04:60:18,seo-other,mobile,iOS,0,39,0
638856,2015-05-08 10:60:20,ads-google,mobile,other,1,59,0
414791,2015-04-24 10:60:42,direct_traffic,web,linux,0,39,0
479450,2015-03-07 11:60:04,ads-bing,web,windows,0,39,0
332492,2015-05-16 23:60:06,seo_facebook,web,windows,0,39,0
57897,2015-04-16 14:60:47,direct_traffic,web,windows,0,39,0
946466,2015-04-04 13:60:26,friend_referral,mobile,android,0,39,0
399484,2015-05-21 13:60:19,direct_traffic,web,windows,0,39,0
657150,2015-03-13 01:60:50,direct_traffic,mobile,iOS,0,39,0
371099,2015-03-15 12:60:40,ads-yahoo,mobile,android,0,39,0
528524,2015-04-28 16:60:08,direct_traffic,mobile,android,1,59,0
989260,2015-05-23 10:60:55,seo_facebook,mobile,iOS,1,59,0
225388,2015-03-14 11:60:56,seo_facebook,mobile,iOS,1,59,0
77096,2015-04-23 16:60:24,ads-google,web,windows,1,59,0
545435,2015-05-15 14:60:26,friend_referral,mobile,android,0,39,0
492418,2015-05-29 16:60:26,friend_referral,mobile,iOS,0,39,0
557119,2015-05-15 04:60:60,seo-google,web,windows,0,39,0
669180,2015-05-20 15:60:39,direct_traffic,web,windows,0,39,0
60634,2015-03-27 12:60:01,ads-bing,web,windows,0,39,0
697669,2015-04-19 02:60:04,ads_facebook,mobile,iOS,0,39,0
500870,2015-03-18 06:60:46,ads_other,web,windows,1,59,0
14283,2015-04-24 17:60:30,ads-yahoo,web,windows,1,59,0
794449,2015-05-20 15:60:39,direct_traffic,web,windows,0,39,0
777717,2015-05-08 09:60:32,ads-bing,mobile,iOS,0,39,0
757574,2015-04-25 23:60:44,direct_traffic,mobile,iOS,1,59,0
235872,2015-05-01 13:60:21,direct_traffic,mobile,android,0,39,0
958000,2015-03-06 06:60:35,ads_facebook,web,windows,1,59,0
549215,2015-05-22 16:60:11,ads_facebook,mobile,iOS,0,39,0
149467,2015-05-01 18:60:15,friend_referral,web,mac,1,59,0
635856,2015-03-15 12:60:30,ads-google,web,windows,1,59,0
411085,2015-04-06 08:60:57,seo_facebook,mobile,iOS,1,59,0
993832,2015-03-12 13:60:32,direct_traffic,web,linux,0,39,0
308794,2015-03-13 11:60:15,ads-google,web,windows,1,59,0
643957,2015-05-28 10:60:12,ads-google,web,windows,0,39,0
293827,2015-05-06 11:60:14,ads_facebook,web,windows,1,59,0
165945,2015-03-21 09:60:26,ads_facebook,mobile,iOS,1,59,0
865415,2015-04-03 11:60:14,direct_traffic,mobile,iOS,0,39,0
94648,2015-05-02 12:60:09,ads_other,mobile,android,0,39,0
759210,2015-05-09 11:60:01,ads_other,mobile,other,1,59,0
682709,2015-03-14 12:60:16,direct_traffic,web,windows,0,39,0
416815,2015-05-07 04:60:16,ads-bing,web,windows,1,59,0
984797,2015-05-13 12:60:37,direct_traffic,mobile,android,1,59,0
386808,2015-03-13 19:60:23,ads-bing,mobile,iOS,0,39,0
170386,2015-05-15 12:60:08,seo_facebook,web,linux,0,39,0
397331,2015-03-08 09:60:38,direct_traffic,mobile,iOS,1,59,0
945933,2015-05-29 02:60:33,ads_facebook,mobile,android,0,39,0
773636,2015-04-25 09:60:02,ads-bing,mobile,android,1,59,0
891526,2015-05-29 06:60:01,seo-other,mobile,android,0,39,0
857406,2015-04-17 11:60:14,seo-google,mobile,other,0,39,0
56213,2015-03-21 18:60:44,ads_other,mobile,android,0,39,0
86571,2015-05-15 14:60:36,ads_facebook,web,windows,0,39,0
603788,2015-03-07 05:60:23,ads_other,mobile,android,1,59,0
894735,2015-05-08 18:60:13,seo-google,mobile,iOS,0,39,0
707121,2015-04-10 14:60:42,ads_facebook,mobile,other,1,59,0
254191,2015-04-18 11:60:27,direct_traffic,web,windows,1,59,0
693573,2015-04-24 15:60:32,seo-google,web,mac,0,39,0
912167,2015-04-30 05:60:10,direct_traffic,mobile,iOS,0,39,0
764574,2015-04-28 13:60:40,ads_other,mobile,iOS,0,39,0
622684,2015-03-18 22:60:60,seo-google,mobile,android,1,59,0
360701,2015-04-04 08:60:31,direct_traffic,web,windows,0,39,0
949975,2015-05-07 12:60:26,friend_referral,mobile,iOS,0,39,0
993454,2015-04-04 10:60:04,ads-google,mobile,other,0,39,0
136837,2015-03-23 12:60:38,direct_traffic,web,mac,0,39,0
670167,2015-05-01 21:60:18,ads_other,mobile,iOS,1,59,0
12701,2015-04-04 22:60:48,ads_facebook,mobile,iOS,0,39,0
302329,2015-03-07 16:60:37,direct_traffic,mobile,iOS,0,39,0
485108,2015-03-21 03:60:29,seo-google,mobile,android,0,39,0
67645,2015-04-30 01:60:10,ads_facebook,mobile,iOS,0,39,0
236128,2015-03-20 22:60:45,direct_traffic,mobile,iOS,0,39,0
245246,2015-04-25 09:60:33,ads_facebook,web,windows,0,39,0
302221,2015-03-07 14:60:04,direct_traffic,mobile,android,0,39,0
123320,2015-05-17 18:60:39,direct_traffic,mobile,other,1,59,0
217938,2015-05-23 15:60:30,ads_facebook,web,windows,0,39,0
762417,2015-05-15 12:60:32,ads_facebook,web,windows,0,39,0
413605,2015-04-19 09:60:20,direct_traffic,mobile,android,0,39,0
75013,2015-05-02 09:60:52,seo-yahoo,mobile,android,1,59,0
871912,2015-05-16 10:60:35,friend_referral,mobile,android,0,39,0
986870,2015-03-21 02:60:11,friend_referral,web,windows,0,39,0
428853,2015-03-12 15:60:04,ads_facebook,web,mac,1,59,0
349507,2015-05-01 15:60:56,ads-bing,mobile,android,0,39,0
664040,2015-03-09 10:60:47,direct_traffic,mobile,android,0,39,0
121112,2015-03-22 09:60:49,ads-bing,mobile,android,0,39,0
260221,2015-05-24 12:60:50,seo-google,mobile,android,0,39,1
370733,2015-04-24 16:60:27,ads-bing,web,mac,1,59,0
292453,2015-05-14 14:60:40,seo-google,mobile,other,0,39,0
339798,2015-05-15 10:60:31,ads-bing,mobile,android,1,59,0
929364,2015-03-11 07:60:58,seo-google,web,windows,0,39,0
776344,2015-05-15 13:60:54,seo-google,mobile,other,0,39,0
138870,2015-05-14 16:60:05,ads_facebook,mobile,iOS,0,39,0
734100,2015-04-05 11:60:34,ads_facebook,mobile,iOS,1,59,0
753389,2015-05-16 17:60:19,seo_facebook,mobile,android,0,39,0
587949,2015-04-21 08:60:42,seo-google,mobile,iOS,0,39,0
687733,2015-04-12 11:60:60,seo_facebook,mobile,iOS,1,59,0
442910,2015-05-09 16:60:01,ads_facebook,web,windows,1,59,0
920627,2015-05-24 07:60:60,ads-google,mobile,android,1,59,0
408340,2015-04-13 11:60:17,direct_traffic,web,windows,1,59,0
102169,2015-05-30 10:60:28,ads-google,mobile,android,0,39,0
220988,2015-03-13 10:60:22,friend_referral,web,windows,0,39,0
774181,2015-05-12 16:60:24,seo_facebook,mobile,iOS,0,39,0
106219,2015-03-18 09:60:37,direct_traffic,mobile,android,1,59,0
790698,2015-05-18 06:60:05,ads-google,mobile,other,0,39,0
275427,2015-04-27 14:60:49,seo-google,web,windows,0,39,0
559785,2015-04-11 10:60:44,ads_other,web,windows,0,39,0
364431,2015-04-18 12:60:18,direct_traffic,mobile,iOS,0,39,0
581700,2015-03-20 11:60:38,seo-google,mobile,android,0,39,0
749435,2015-04-05 07:60:06,direct_traffic,mobile,android,1,59,0
462209,2015-05-21 12:60:38,ads_other,web,windows,0,39,0
917477,2015-03-29 17:60:55,ads-google,mobile,iOS,0,39,0
405366,2015-05-30 10:60:26,direct_traffic,mobile,iOS,1,59,0
569953,2015-03-16 06:60:36,ads-bing,web,linux,1,59,0
735329,2015-03-27 23:60:45,seo-yahoo,mobile,android,0,39,0
732295,2015-04-05 20:60:18,ads_facebook,web,windows,1,59,0
186597,2015-04-10 09:60:01,ads_other,web,windows,1,59,0
521220,2015-05-23 10:60:01,seo_facebook,mobile,iOS,0,39,0
838390,2015-03-04 01:60:45,ads-google,mobile,iOS,0,39,1
790846,2015-05-18 10:60:02,seo-google,mobile,android,0,39,0
151152,2015-04-17 14:60:40,seo_facebook,mobile,iOS,0,39,0
655550,2015-05-17 10:60:33,seo-google,web,mac,0,39,0
406161,2015-03-22 18:60:16,direct_traffic,web,mac,1,59,0
660099,2015-03-13 15:60:38,seo_facebook,web,mac,0,39,1
797384,2015-03-21 14:60:28,ads-google,web,windows,0,39,0
240527,2015-04-25 08:60:25,seo-google,web,windows,1,59,0
937254,2015-05-30 09:60:49,seo-google,mobile,iOS,1,59,0
812321,2015-04-16 22:60:53,direct_traffic,web,windows,1,59,0
209544,2015-04-17 15:60:44,ads-bing,web,mac,0,39,0
333002,2015-03-21 09:60:46,seo-yahoo,web,mac,0,39,0
767831,2015-03-07 16:60:59,seo_facebook,mobile,iOS,0,39,0
651580,2015-03-28 12:60:52,direct_traffic,mobile,android,0,39,0
770024,2015-03-20 11:60:19,direct_traffic,mobile,android,0,39,0
847805,2015-04-05 07:60:06,direct_traffic,mobile,android,1,59,0
434644,2015-03-05 23:60:12,ads-bing,mobile,other,1,59,0
736481,2015-03-03 11:60:03,ads_other,web,windows,0,39,0
922042,2015-04-03 16:60:10,ads-bing,web,linux,1,59,0
738443,2015-05-01 22:60:59,direct_traffic,mobile,iOS,0,39,0
339918,2015-03-27 10:60:11,ads_other,web,mac,0,39,0
540754,2015-05-01 17:60:09,seo-bing,mobile,other,0,39,0
212226,2015-04-04 09:60:50,ads-google,mobile,android,0,39,0
748831,2015-03-10 04:60:18,seo-other,mobile,iOS,0,39,0
463470,2015-03-14 07:60:41,ads-yahoo,mobile,iOS,0,39,0
175131,2015-05-02 10:60:55,seo-other,web,windows,0,39,0
192453,2015-03-20 15:60:09,ads-google,mobile,iOS,0,39,0
923748,2015-04-17 05:60:51,seo-other,mobile,other,0,39,0
932624,2015-03-24 11:60:13,direct_traffic,mobile,iOS,0,39,0
953122,2015-05-29 12:60:01,friend_referral,web,windows,0,39,0
414697,2015-05-03 04:60:44,friend_referral,web,windows,0,39,0
604665,2015-05-26 17:60:26,direct_traffic,web,windows,1,59,0
478513,2015-03-28 04:60:02,friend_referral,mobile,iOS,0,39,1
436005,2015-03-21 12:60:10,seo-google,mobile,other,1,59,0
482507,2015-04-22 05:60:34,direct_traffic,mobile,iOS,1,59,0
682423,2015-05-03 10:60:49,ads-google,web,windows,1,59,0
183172,2015-03-27 10:60:55,ads_other,mobile,other,0,39,0
385261,2015-04-05 20:60:18,ads_facebook,web,windows,1,59,0
24362,2015-04-02 08:60:10,ads-google,mobile,iOS,1,59,0
145900,2015-03-08 14:60:20,ads-bing,mobile,other,1,59,0
570902,2015-04-01 18:60:52,seo-yahoo,web,windows,0,39,0
771923,2015-05-06 03:60:21,ads_other,web,mac,0,39,0
458117,2015-05-29 13:60:17,seo_facebook,mobile,android,0,39,0
584188,2015-04-28 12:60:31,ads-google,mobile,android,1,59,0
805881,2015-04-12 04:60:37,ads_other,mobile,android,0,39,0
417280,2015-04-26 10:60:01,direct_traffic,mobile,iOS,1,59,0
981113,2015-03-15 15:60:34,ads_facebook,mobile,iOS,0,39,0
628481,2015-04-17 14:60:16,ads-google,web,linux,0,39,0
867526,2015-04-10 02:60:55,ads-yahoo,web,windows,0,39,0
218279,2015-05-09 18:60:54,ads_facebook,mobile,android,0,39,0
870267,2015-04-12 01:60:55,ads-yahoo,web,windows,0,39,1
198561,2015-05-05 13:60:45,ads-bing,mobile,other,0,39,0
36135,2015-03-28 01:60:32,ads_other,mobile,android,1,59,0
411254,2015-04-26 17:60:57,ads_other,web,windows,0,39,0
375716,2015-03-07 10:60:27,friend_referral,web,windows,0,39,0
262075,2015-05-16 03:60:28,ads-google,mobile,android,0,39,0
710030,2015-03-27 07:60:46,ads-google,web,windows,0,39,0
646353,2015-05-29 11:60:53,seo-google,web,windows,1,59,0
611588,2015-03-10 10:60:01,ads-google,mobile,iOS,1,59,0
327404,2015-03-06 03:60:52,ads_facebook,mobile,iOS,1,59,0
671504,2015-03-17 11:60:24,ads-bing,web,windows,0,39,0
264529,2015-03-19 13:60:31,ads-bing,mobile,other,1,59,0
1321,2015-05-02 04:60:40,friend_referral,mobile,android,1,59,0
704548,2015-03-26 15:60:23,ads_facebook,web,windows,1,59,0
471439,2015-04-26 11:60:42,ads-bing,web,other,0,39,0
794401,2015-05-02 22:60:03,direct_traffic,web,mac,1,59,0
865710,2015-05-19 13:60:04,ads_facebook,mobile,other,1,59,0
167996,2015-03-19 18:60:50,ads-google,mobile,iOS,0,39,0
306968,2015-04-10 07:60:03,ads-bing,mobile,iOS,1,59,0
902040,2015-05-01 18:60:48,seo_facebook,web,windows,0,39,0
34691,2015-03-28 10:60:16,direct_traffic,mobile,iOS,0,39,0
913200,2015-05-09 04:60:48,ads-google,web,mac,1,59,0
692693,2015-05-16 09:60:54,ads_facebook,mobile,android,1,59,0
238068,2015-04-14 11:60:30,ads_facebook,web,windows,0,39,0
676788,2015-04-05 19:60:28,direct_traffic,mobile,android,0,39,0
841671,2015-05-03 09:60:56,ads_facebook,mobile,iOS,0,39,0
974572,2015-04-30 19:60:48,direct_traffic,web,mac,1,59,0
15180,2015-05-17 15:60:50,ads-yahoo,mobile,iOS,0,39,0
954486,2015-05-15 08:60:54,friend_referral,mobile,iOS,1,59,0
998316,2015-04-14 12:60:43,direct_traffic,mobile,iOS,1,59,0
679176,2015-03-13 12:60:39,ads_other,web,mac,0,39,0
101313,2015-05-29 02:60:33,ads_facebook,mobile,android,0,39,0
560926,2015-04-10 23:60:03,direct_traffic,mobile,iOS,0,39,0
276564,2015-05-08 10:60:20,ads-google,mobile,other,1,59,0
715749,2015-04-03 10:60:41,ads-google,web,mac,0,39,0
677930,2015-04-29 14:60:22,direct_traffic,mobile,iOS,0,39,0
565565,2015-05-07 12:60:28,seo_facebook,mobile,android,0,39,0
776083,2015-05-24 15:60:57,ads_facebook,mobile,iOS,0,39,0
694805,2015-05-30 12:60:23,direct_traffic,mobile,android,1,59,0
466187,2015-05-22 23:60:57,ads-bing,mobile,android,1,59,0
852858,2015-03-06 12:60:19,ads_facebook,mobile,android,1,59,0
335384,2015-04-10 13:60:20,direct_traffic,web,windows,0,39,0
152075,2015-05-30 12:60:49,ads-google,web,windows,1,59,0
819877,2015-04-02 13:60:25,ads_facebook,mobile,android,0,39,0
156518,2015-05-30 07:60:15,ads_facebook,mobile,android,0,39,1
941235,2015-05-17 17:60:50,ads-google,mobile,iOS,1,59,1
593107,2015-04-11 10:60:08,ads-yahoo,mobile,iOS,0,39,0
526934,2015-04-04 11:60:08,ads_other,mobile,android,0,39,0
897540,2015-05-03 12:60:18,ads-google,mobile,android,0,39,0
718647,2015-04-03 18:60:53,ads_other,web,windows,0,39,0
990445,2015-04-25 23:60:41,ads-google,web,windows,0,39,0
293536,2015-04-02 18:60:35,ads-google,web,windows,0,39,0
413880,2015-04-02 13:60:25,ads_facebook,mobile,android,0,39,0
925321,2015-05-16 12:60:48,ads_facebook,mobile,android,0,39,0
922185,2015-04-18 12:60:29,ads-google,mobile,android,0,39,0
182306,2015-03-15 09:60:36,ads_facebook,mobile,android,1,59,0
917091,2015-05-02 00:60:18,ads_facebook,mobile,iOS,0,39,0
801046,2015-03-15 11:60:15,ads_facebook,mobile,android,0,39,0
671936,2015-03-09 10:60:35,seo-yahoo,web,windows,0,39,0
526743,2015-04-30 10:60:12,ads_facebook,web,windows,0,39,1
713582,2015-05-22 20:60:24,seo-other,web,windows,0,39,0
554901,2015-04-03 09:60:53,direct_traffic,mobile,android,1,59,0
354661,2015-05-02 13:60:49,ads_other,mobile,android,0,39,0
356110,2015-04-03 14:60:36,ads_facebook,mobile,iOS,0,39,0
218231,2015-04-05 08:60:52,ads-yahoo,mobile,iOS,0,39,0
775987,2015-05-19 13:60:04,ads_facebook,mobile,other,1,59,0
898214,2015-04-10 02:60:10,friend_referral,web,windows,0,39,0
715800,2015-03-10 17:60:15,seo-google,web,windows,0,39,0
66662,2015-04-17 10:60:07,ads_other,mobile,android,0,39,0
11212,2015-05-02 07:60:31,friend_referral,mobile,android,0,39,0
458412,2015-04-28 23:60:29,ads_facebook,web,windows,0,39,0
7717,2015-04-30 01:60:10,ads_facebook,mobile,iOS,0,39,0
167513,2015-03-14 08:60:06,ads-google,mobile,android,0,39,0
678728,2015-05-29 12:60:59,ads_other,web,windows,0,39,0
53450,2015-03-14 12:60:07,ads_other,web,windows,0,39,0
452261,2015-04-19 05:60:38,ads-google,mobile,iOS,0,39,0
925891,2015-03-04 00:60:36,friend_referral,mobile,android,1,59,0
163620,2015-05-31 10:60:34,direct_traffic,mobile,iOS,0,39,0
836276,2015-05-14 12:60:12,seo-google,mobile,iOS,1,59,0
434153,2015-04-08 12:60:01,direct_traffic,web,mac,1,59,0
918266,2015-05-24 02:60:41,seo_facebook,mobile,android,1,59,0
960465,2015-05-17 00:60:21,ads_other,web,windows,0,39,0
404,2015-05-16 10:60:20,ads-google,mobile,iOS,0,39,0
340696,2015-04-29 11:60:30,seo_facebook,web,windows,0,39,0
131617,2015-04-26 15:60:03,direct_traffic,mobile,android,0,39,0
928236,2015-05-12 16:60:24,seo_facebook,mobile,iOS,0,39,0
553850,2015-04-04 06:60:43,friend_referral,mobile,other,0,39,1
433259,2015-05-23 12:60:08,direct_traffic,mobile,android,0,39,0
726637,2015-03-28 01:60:32,ads_other,mobile,android,1,59,0
967084,2015-03-07 12:60:11,ads_other,mobile,iOS,1,59,0
335023,2015-03-13 12:60:47,ads_other,mobile,android,1,59,1
758806,2015-03-28 10:60:43,seo-other,web,windows,0,39,0
866648,2015-04-17 09:60:59,seo_facebook,web,windows,0,39,0
801800,2015-03-25 11:60:35,seo_facebook,mobile,android,1,59,0
141679,2015-05-12 16:60:24,seo_facebook,mobile,iOS,0,39,0
924681,2015-05-30 18:60:44,friend_referral,mobile,iOS,1,59,0
929347,2015-04-25 09:60:02,ads-bing,mobile,android,1,59,0
586955,2015-05-08 12:60:01,friend_referral,web,windows,1,59,0
575745,2015-04-10 17:60:58,ads-google,mobile,iOS,0,39,0
17763,2015-03-31 03:60:53,direct_traffic,web,windows,1,59,0
401835,2015-04-17 12:60:01,seo-google,web,windows,0,39,0
176099,2015-03-27 18:60:48,seo-google,web,mac,0,39,0
330564,2015-04-27 13:60:27,ads_facebook,mobile,other,1,59,0
947247,2015-03-19 09:60:59,ads_other,mobile,android,0,39,0
230272,2015-03-08 11:60:38,seo-google,web,linux,0,39,0
424665,2015-05-29 15:60:45,ads-google,mobile,android,0,39,0
776244,2015-04-11 17:60:49,ads-google,web,windows,1,59,0
144593,2015-04-17 23:60:58,ads-google,web,windows,1,59,0
817411,2015-05-02 16:60:34,seo-yahoo,web,windows,0,39,0
592394,2015-04-26 15:60:16,seo_facebook,mobile,other,0,39,0
339955,2015-04-24 16:60:25,direct_traffic,mobile,android,0,39,0
296347,2015-04-18 07:60:56,seo_facebook,mobile,android,0,39,0
112730,2015-04-06 17:60:20,friend_referral,web,mac,1,59,0
355897,2015-04-12 10:60:44,direct_traffic,web,windows,0,39,0
80776,2015-03-20 17:60:56,ads_facebook,mobile,iOS,1,59,0
576199,2015-04-09 21:60:21,ads_other,mobile,android,1,59,0
226272,2015-05-30 12:60:04,ads-bing,web,mac,0,39,0
424406,2015-05-22 15:60:07,friend_referral,mobile,iOS,0,39,0
271643,2015-03-27 07:60:46,ads-google,web,windows,0,39,0
205068,2015-04-25 11:60:17,ads_facebook,mobile,iOS,0,39,0
785579,2015-04-08 19:60:32,direct_traffic,mobile,iOS,1,59,0
64983,2015-04-21 11:60:07,ads-google,mobile,iOS,0,39,0
824280,2015-03-10 14:60:26,ads_other,mobile,iOS,0,39,0
739049,2015-05-08 10:60:20,ads-google,mobile,other,1,59,0
833923,2015-04-05 11:60:33,ads-bing,web,windows,0,39,0
372955,2015-03-24 11:60:13,direct_traffic,mobile,iOS,0,39,0
718081,2015-03-21 08:60:50,ads_facebook,mobile,android,1,59,0
781942,2015-03-14 09:60:04,ads_other,mobile,iOS,0,39,0
813965,2015-03-25 12:60:59,seo-other,web,windows,1,59,0
568058,2015-03-30 21:60:16,ads-bing,mobile,iOS,0,39,0
408504,2015-05-10 11:60:57,direct_traffic,mobile,iOS,0,39,0
29724,2015-05-29 10:60:40,seo-other,mobile,iOS,0,39,0
786344,2015-04-11 11:60:39,ads-bing,web,windows,0,39,0
816359,2015-05-01 13:60:21,direct_traffic,mobile,android,0,39,0
450647,2015-05-29 10:60:11,ads-google,mobile,other,1,59,0
852297,2015-05-20 09:60:20,seo_facebook,web,windows,0,39,0
932587,2015-04-24 07:60:38,ads_facebook,mobile,android,1,59,0
69728,2015-04-14 11:60:30,ads_facebook,web,windows,0,39,0
12841,2015-03-13 11:60:41,seo-other,mobile,android,1,59,0
850156,2015-03-22 09:60:35,ads_facebook,mobile,iOS,1,59,0
174017,2015-03-27 17:60:36,ads_facebook,web,windows,1,59,0
706310,2015-03-22 18:60:16,direct_traffic,web,mac,1,59,0
819341,2015-04-12 10:60:41,ads_facebook,web,mac,0,39,0
435324,2015-03-26 01:60:08,direct_traffic,mobile,other,0,39,0
806488,2015-05-28 11:60:15,seo_facebook,mobile,android,0,39,0
507184,2015-05-16 13:60:38,ads_facebook,mobile,other,0,39,0
647349,2015-03-21 10:60:53,friend_referral,mobile,iOS,1,59,0
501967,2015-03-20 20:60:41,direct_traffic,mobile,iOS,1,59,0
429084,2015-05-18 06:60:05,ads-google,mobile,other,0,39,0
398168,2015-04-29 16:60:49,ads-bing,mobile,iOS,0,39,0
498939,2015-03-27 10:60:12,ads-google,mobile,android,0,39,0
155382,2015-05-24 09:60:21,ads-bing,web,windows,0,39,0
570554,2015-05-10 09:60:21,seo-yahoo,mobile,iOS,0,39,0
884675,2015-03-29 16:60:18,seo_facebook,mobile,iOS,1,59,0
415543,2015-04-03 11:60:08,ads_other,web,windows,0,39,0
441703,2015-03-20 22:60:41,ads_facebook,mobile,iOS,1,59,0
100532,2015-04-29 11:60:30,seo_facebook,web,windows,0,39,0
846450,2015-04-12 11:60:60,seo_facebook,mobile,iOS,1,59,0
16014,2015-05-30 02:60:17,ads_facebook,mobile,iOS,0,39,0
54322,2015-04-02 09:60:05,ads-bing,web,windows,1,59,0
259377,2015-05-15 16:60:41,ads-yahoo,mobile,iOS,1,59,0
145667,2015-04-06 17:60:20,friend_referral,web,mac,1,59,0
666046,2015-03-21 11:60:24,ads_facebook,web,windows,0,39,0
930780,2015-04-10 18:60:18,seo_facebook,web,windows,0,39,0
202841,2015-04-10 07:60:39,seo-google,mobile,iOS,0,39,0
610473,2015-04-25 08:60:25,seo-google,web,windows,1,59,0
452179,2015-05-02 11:60:11,direct_traffic,mobile,iOS,1,59,0
739152,2015-05-09 18:60:09,ads-google,mobile,iOS,0,39,0
749446,2015-04-30 10:60:50,friend_referral,mobile,iOS,1,59,0
700003,2015-05-22 11:60:25,direct_traffic,web,windows,0,39,0
340905,2015-04-06 22:60:60,ads_other,web,windows,0,39,0
44892,2015-05-12 03:60:04,seo-yahoo,mobile,iOS,0,39,0
168101,2015-05-15 12:60:08,seo_facebook,web,linux,0,39,0
187350,2015-04-27 12:60:48,ads_facebook,mobile,other,1,59,0
652073,2015-03-13 11:60:41,seo-other,mobile,android,1,59,0
984892,2015-03-28 10:60:43,seo-other,web,windows,0,39,0
527738,2015-05-22 12:60:35,direct_traffic,web,windows,0,39,0
631492,2015-04-04 08:60:38,direct_traffic,mobile,android,1,59,0
52125,2015-05-29 12:60:10,ads_facebook,mobile,iOS,0,39,0
342536,2015-03-28 11:60:53,ads-google,web,windows,0,39,0
253938,2015-03-02 01:60:35,ads_facebook,mobile,iOS,0,39,0
827310,2015-05-29 11:60:53,seo-google,web,windows,1,59,0
153713,2015-04-03 15:60:02,direct_traffic,mobile,iOS,0,39,0
712068,2015-03-31 11:60:60,ads_other,mobile,iOS,0,39,0
232610,2015-04-23 17:60:34,ads-google,mobile,iOS,0,39,0
845602,2015-03-11 01:60:06,friend_referral,web,windows,1,59,0
804342,2015-04-05 02:60:41,direct_traffic,mobile,iOS,0,39,0
950963,2015-04-17 11:60:23,ads-google,mobile,android,1,59,0
421555,2015-04-23 15:60:02,seo-google,web,windows,0,39,0
897965,2015-05-30 13:60:04,direct_traffic,web,windows,1,59,0
875478,2015-04-15 16:60:57,friend_referral,web,windows,1,59,1
268365,2015-04-06 15:60:22,seo-other,mobile,android,0,39,0
364284,2015-05-15 21:60:36,ads-google,web,mac,1,59,1
795796,2015-03-21 12:60:46,direct_traffic,web,windows,0,39,0
174925,2015-05-09 01:60:13,seo-other,mobile,iOS,1,59,0
994638,2015-05-24 13:60:14,seo-other,mobile,android,0,39,0
865527,2015-05-07 12:60:21,ads-bing,mobile,iOS,1,59,0
679325,2015-03-11 07:60:58,seo-google,web,windows,0,39,0
390550,2015-03-21 12:60:60,friend_referral,web,windows,1,59,0
283341,2015-04-18 12:60:18,direct_traffic,mobile,iOS,0,39,0
524037,2015-04-30 13:60:20,ads-google,web,mac,0,39,0
875638,2015-03-08 15:60:54,ads-google,mobile,android,1,59,0
786713,2015-04-18 14:60:46,ads-google,web,windows,0,39,0
869471,2015-04-18 12:60:18,direct_traffic,mobile,iOS,0,39,0
558584,2015-05-12 02:60:18,ads-google,mobile,android,1,59,0
110467,2015-03-20 08:60:29,ads-google,mobile,android,1,59,0
807993,2015-03-29 12:60:39,ads-yahoo,web,mac,0,39,1
330718,2015-04-03 12:60:23,direct_traffic,mobile,iOS,0,39,0
45153,2015-05-28 16:60:32,seo_facebook,web,windows,0,39,0
810909,2015-03-26 03:60:56,direct_traffic,mobile,iOS,0,39,0
154544,2015-03-12 10:60:19,direct_traffic,web,windows,0,39,0
426534,2015-05-16 07:60:03,ads_facebook,mobile,iOS,0,39,0
496693,2015-03-28 23:60:23,ads_other,web,windows,1,59,0
179930,2015-03-03 02:60:19,ads-google,web,windows,0,39,0
16020,2015-03-08 07:60:23,ads_facebook,web,windows,1,59,0
217232,2015-04-17 09:60:59,ads-google,mobile,iOS,0,39,0
756017,2015-03-28 15:60:42,ads_facebook,web,windows,0,39,0
565827,2015-03-19 17:60:09,ads-google,web,windows,1,59,0
560255,2015-05-15 16:60:55,direct_traffic,mobile,android,0,39,0
50219,2015-05-15 13:60:54,seo-google,mobile,other,0,39,0
759310,2015-05-07 01:60:31,ads-bing,web,windows,1,59,0
907131,2015-03-05 06:60:33,ads_other,mobile,android,0,39,0
898250,2015-03-14 00:60:16,direct_traffic,mobile,iOS,0,39,1
96099,2015-05-05 13:60:45,ads-bing,mobile,other,0,39,0
514530,2015-05-15 09:60:18,ads-google,web,windows,1,59,0
445316,2015-05-09 04:60:48,ads-google,web,mac,1,59,0
257305,2015-05-15 17:60:18,ads_other,web,windows,0,39,0
766166,2015-03-27 10:60:15,friend_referral,mobile,iOS,1,59,0
394815,2015-05-03 12:60:26,direct_traffic,mobile,other,0,39,0
943915,2015-04-17 11:60:23,ads-google,mobile,android,1,59,0
879242,2015-04-04 10:60:14,ads-bing,web,windows,0,39,0
753196,2015-04-10 17:60:59,direct_traffic,web,mac,0,39,0
303570,2015-04-24 08:60:10,ads_facebook,web,mac,0,39,0
864775,2015-04-03 11:60:06,ads_facebook,mobile,android,0,39,0
491506,2015-04-23 17:60:45,ads-bing,web,windows,0,39,1
280110,2015-03-24 16:60:18,seo_facebook,web,mac,0,39,0
585671,2015-03-07 12:60:02,ads-google,mobile,iOS,0,39,0
146024,2015-03-31 08:60:18,ads_facebook,web,windows,0,39,0
499934,2015-03-20 17:60:32,ads_other,mobile,iOS,0,39,0
235848,2015-05-24 07:60:60,ads-google,mobile,android,1,59,0
123562,2015-03-25 14:60:16,friend_referral,mobile,iOS,0,39,0
924942,2015-05-29 01:60:50,seo-google,mobile,android,0,39,0
350887,2015-03-06 12:60:19,ads_facebook,mobile,android,1,59,0
688924,2015-04-24 16:60:25,direct_traffic,mobile,android,0,39,0
682252,2015-03-13 19:60:28,direct_traffic,mobile,android,0,39,0
958666,2015-04-20 11:60:46,ads-google,mobile,android,1,59,0
199519,2015-04-07 12:60:33,direct_traffic,web,linux,0,39,0
102967,2015-05-01 17:60:09,seo-bing,mobile,other,0,39,0
590955,2015-03-22 18:60:16,direct_traffic,web,mac,1,59,0
353048,2015-03-28 11:60:56,ads_facebook,web,linux,0,39,0
294103,2015-05-20 09:60:20,seo_facebook,web,windows,0,39,0
812994,2015-05-22 12:60:34,ads_facebook,mobile,iOS,0,39,0
461119,2015-03-13 10:60:01,ads-yahoo,web,windows,0,39,0
558019,2015-04-03 09:60:53,direct_traffic,mobile,android,1,59,0
926590,2015-05-29 09:60:57,direct_traffic,mobile,android,0,39,0
759288,2015-04-09 16:60:33,direct_traffic,mobile,iOS,0,39,0
906782,2015-05-31 14:60:56,ads-google,web,windows,0,39,0
1507,2015-03-31 11:60:60,ads_other,mobile,iOS,0,39,0
672270,2015-04-17 12:60:45,ads-google,web,windows,0,39,0
905406,2015-03-26 11:60:35,ads-google,mobile,iOS,1,59,0
769191,2015-04-08 10:60:13,direct_traffic,web,windows,0,39,0
184044,2015-04-15 09:60:41,ads_other,mobile,iOS,0,39,0
582831,2015-04-24 15:60:32,seo-google,web,mac,0,39,0
203250,2015-03-20 12:60:52,direct_traffic,mobile,other,0,39,0
560993,2015-05-19 13:60:04,ads_facebook,mobile,other,1,59,0
251063,2015-05-18 18:60:50,ads_other,web,windows,1,59,0
29548,2015-03-19 09:60:59,ads_other,mobile,android,0,39,0
590798,2015-03-31 10:60:19,direct_traffic,web,windows,0,39,0
870069,2015-03-20 11:60:19,direct_traffic,mobile,android,0,39,0
604761,2015-03-28 23:60:23,ads_other,web,windows,1,59,0
334483,2015-05-10 01:60:31,seo_facebook,web,windows,0,39,0
762551,2015-04-12 11:60:53,ads-google,web,mac,0,39,0
574001,2015-04-03 14:60:01,friend_referral,web,mac,0,39,0
561372,2015-03-06 09:60:03,direct_traffic,mobile,iOS,0,39,0
799992,2015-04-03 09:60:20,ads-google,mobile,iOS,1,59,0
651881,2015-04-10 18:60:09,seo_facebook,web,mac,0,39,0
643427,2015-04-27 14:60:49,seo-google,web,windows,0,39,0
422184,2015-05-16 12:60:12,direct_traffic,web,windows,0,39,0
48482,2015-04-18 07:60:56,seo_facebook,mobile,android,0,39,0
366612,2015-05-14 17:60:43,ads_other,mobile,iOS,1,59,0
375304,2015-04-10 15:60:43,ads-google,mobile,iOS,0,39,0
519192,2015-05-01 12:60:09,ads_facebook,mobile,android,1,59,0
911534,2015-03-04 00:60:36,friend_referral,mobile,android,1,59,0
171135,2015-04-17 09:60:59,ads-google,mobile,iOS,0,39,0
679215,2015-04-24 17:60:53,ads_other,web,mac,1,59,0
280234,2015-05-16 01:60:49,ads_other,web,windows,1,59,0
398180,2015-05-10 14:60:51,direct_traffic,mobile,iOS,1,59,0
852328,2015-04-17 07:60:49,direct_traffic,mobile,android,0,39,0
212261,2015-04-13 18:60:11,ads_other,mobile,iOS,0,39,0
15556,2015-04-25 14:60:58,ads_other,mobile,android,0,39,0
121009,2015-05-11 12:60:53,ads-google,web,windows,1,59,0
136560,2015-04-10 11:60:29,ads_other,web,windows,1,59,0
738987,2015-05-23 17:60:03,direct_traffic,web,windows,0,39,0
